label,y,x,area_px,major_axis_px,minor_axis_px,eccentricity,orientation_deg,mean_intensity,max_intensity,mean_z,max_z,bbox_min_y,bbox_min_x,bbox_max_y,bbox_max_x,radius_px
1,25.00046876831126,633.8083909527716,45,15.64769158755667,3.6791195713396334,0.9719658193896465,78.30510762596145,189.62222290039062,424.0,21.397844314575195,53.01497268676758,23,627,28,642,507.12652587890625
2,37.58364762149482,934.4798537834769,227,34.176002485616756,8.762932889228438,0.9665691652548585,49.28760378112606,531.4669799804688,5366.0,96.89070129394531,901.6255493164062,24,918,48,945,634.1546020507812
3,55.518402282453636,585.8116975748931,61,17.35225070277016,4.601994439127849,0.9641906101514456,84.97872638355102,287.2950744628906,759.0,33.89923858642578,97.53136444091797,53,577,59,594,468.5073547363281
4,64.4949494949495,877.5353535353536,8,4.242640687119285,2.449489742783178,0.816496580927726,45.0,99.0,136.0,12.541313171386719,18.8857421875,63,876,67,880,580.371826171875
5,68.5671902268761,882.5235602094241,8,4.242640687119285,2.449489742783178,0.816496580927726,45.0,71.625,89.0,7.946344375610352,10.960474967956543,67,881,71,885,580.4977416992188
6,84.93524557956778,537.3220432220039,67,16.190002998934112,5.2632290166976246,0.9456826375112772,-88.18498748101936,379.8507385253906,1649.0,46.27610397338867,217.455810546875,83,529,88,545,434.3436279296875
7,90.99166666666666,821.9694444444444,5,2.5298221281347035,2.5298221281347035,0.0,-45.0,72.0,80.0,5.935518741607666,7.014703750610352,90,821,93,824,527.6449584960938
8,96.62578209910995,532.1595775930441,85,17.430909271096752,6.237874930109853,0.9337741579822204,-89.35385535456658,801.0117797851562,3842.0,103.06377410888672,513.2874755859375,94,523,100,541,422.5809326171875
9,111.71938503691301,821.2098333206485,108,23.734439655034357,5.89262365108762,0.968690070306519,54.11892374237366,486.629638671875,3453.0,61.57851028442383,461.7563781738281,104,811,120,831,511.2104187011719
10,110.45886224729666,565.8923366243536,14,6.683766638907472,2.781263522561938,0.9093087121712009,36.78379215445244,151.92857360839844,245.0,18.189571380615234,35.07352066040039,108,564,114,569,411.5670471191406
11,125.06942336874052,149.45779590288316,59,18.758705782460066,4.111706600394938,0.9756823632089741,-42.70507733035537,178.7118682861328,464.0,20.371910095214844,58.81559371948242,119,143,132,157,538.9664916992188
12,154.37384140061792,99.92198764160659,38,16.451497688144276,3.0484130551704705,0.9826825653856021,-38.33418886510611,102.21052551269531,206.0,10.227409362792969,24.14676856994629,148,95,161,106,554.48583984375
13,156.08281903245071,436.4360939677484,38,12.071384449468585,3.9693024177623855,0.944392907750267,-75.03546277586808,264.368408203125,726.0,34.03929901123047,103.87158203125,154,431,159,443,371.1213073730469
14,171.1375568066201,722.176897510683,49,15.130013978539063,4.159337257539623,0.9614710013315971,58.59237744743498,300.8775634765625,937.0,41.9581413269043,151.7604217529297,167,716,176,729,407.1662292480469
15,186.18312553598523,47.892275216043274,115,23.69318172057372,6.297977446614463,0.9640243572471906,-34.458521517697214,395.4521789550781,2083.0,49.97332000732422,277.6203918457031,176,41,195,56,575.818359375
16,184.97598821081831,389.31900138696255,39,13.267198765198561,3.858421935286066,0.9567765193664441,-62.19569663193259,295.79486083984375,864.0,36.54269790649414,111.42587280273438,181,384,189,396,357.03765869140625
17,213.17856309773734,668.9948682062048,47,11.896652720387836,5.1106128667644395,0.9030268545030742,79.27290456515318,1824.25537109375,9976.0,240.91375732421875,1340.48291015625,212,663,218,675,342.6878356933594
18,222.63718226376383,336.35757437592616,115,30.156112855580567,5.240688129708568,0.9847835705936998,-55.97906747578908,152.57391357421875,770.0,15.387771606445312,98.61054992675781,215,322,234,348,347.31201171875
19,241.71602352230053,619.7671899917691,170,23.93806384171703,9.59125714892114,0.9162225612614892,69.52166302900567,3659.10595703125,54051.0,489.064697265625,7286.388671875,235,605,248,630,295.6820068359375
20,241.57571359458152,294.52356071601355,38,12.880013076162045,3.7275644651843733,0.957206171533769,-45.0,271.97369384765625,842.0,32.513118743896484,108.45811462402344,237,290,247,300,356.69952392578125
21,240.01184834123222,312.021327014218,5,2.5298221281347035,2.5298221281347035,0.0,-45.0,84.4000015258789,92.0,6.205315113067627,7.2845001220703125,239,311,242,314,346.74298095703125
22,258.76215543304284,911.3604481593455,61,19.410285231807176,4.148257505826072,0.9768961839779805,31.942705893808178,460.9016418457031,1626.0,57.58824157714844,214.7578582763672,251,906,267,917,480.3932800292969
23,270.5186193245082,572.6333663243845,34,10.181135242336918,4.338432185451814,0.9046644820282147,77.65617339693034,475.4705810546875,1697.0,74.44195556640625,280.4195251464844,268,568,274,578,252.13436889648438
24,270.04761904761904,245.98343685300208,5,2.5298221281347035,2.5298221281347035,0.0,-45.0,96.5999984741211,136.0,8.61324691772461,13.22001838684082,269,245,272,248,370.503662109375
25,291.994623655914,113.05734767025089,5,2.5298221281347035,2.5298221281347035,0.0,-45.0,111.5999984741211,143.0,10.1983003616333,14.434102058410645,291,112,294,115,468.46136474609375
26,327.99786780383795,147.01492537313433,5,2.5298221281347035,2.5298221281347035,0.0,-45.0,93.80000305175781,111.0,7.662214756011963,9.982462882995605,327,146,330,149,422.1321716308594
27,347.6457645764576,348.96919691969197,11,4.967994363003793,2.848231107005645,0.8193342786072867,-59.305229832982604,82.63636016845703,102.0,8.201194763183594,11.46634292602539,346,347,350,352,238.486328125
28,354.5137050022297,755.0895688210238,87,16.298621240088906,6.853087017079765,0.9073062783428475,31.550034606572606,2989.93115234375,26959.0,398.564697265625,3631.72802734375,347,750,362,761,296.02423095703125
29,382.2191783525117,707.3076257076257,121,19.463436866561622,8.286061403337431,0.904852846083128,30.975560129114168,3350.45458984375,64422.0,559.2573852539062,10857.2783203125,373,701,392,714,238.78515625
30,394.2199210564787,380.2599775839384,31,9.164555364684604,4.286136557663521,0.8838945462458185,-39.47048152298591,661.9677124023438,3033.0,106.3573989868164,506.205322265625,391,377,399,384,181.86080932617188
31,397.0953608247423,714.9974226804123,5,2.5298221281347035,2.5298221281347035,0.0,-45.0,77.5999984741211,106.0,7.351949214935303,12.140833854675293,396,714,399,717,238.10061645507812
32,427.61002102312546,951.9576033637001,14,5.606119105813881,3.0237157840738176,0.8420753583206845,0.0,203.85714721679688,360.0,22.64361572265625,43.707000732421875,425,951,431,954,458.29052734375
33,433.91022099447514,952.9254143646409,9,4.988876515698588,2.6666666666666665,0.8451542547285166,0.0,160.88888549804688,219.0,16.847278594970703,24.68636131286621,432,952,437,955,458.2012939453125
34,451.442013948744,285.8635480513623,130,18.456234339908576,9.062509078346523,0.8711443630538872,-14.806512883619162,5934.91552734375,82473.0,918.134765625,13901.0859375,444,280,463,291,245.57803344726562
35,490.5429804181879,843.9170262197146,21,9.039093727774988,3.0237157840738176,0.9423902944854217,0.0,143.4761962890625,268.0,14.170729637145996,31.026575088500977,486,843,495,846,343.40484619140625
36,511.3190666508004,189.68054353044485,159,21.289244774470564,9.636540394533952,0.8916891381515184,0.12698770663668618,3065.446533203125,32162.0,408.4126281738281,4333.33349609375,501,185,524,195,338.452392578125
37,527.0839361048862,796.688161420494,220,25.444175079162637,11.461797307408881,0.8927923632923731,-4.188763975250885,4559.74560546875,110928.0,610.8546752929688,14958.9912109375,509,790,536,804,295.2221984863281
38,567.8109917953668,90.47227316602317,90,20.48156009066556,5.578797379639549,0.9621893454769805,7.703660471076448,920.888916015625,4910.0,119.2349853515625,657.3587036132812,559,88,579,94,443.2884216308594
39,610.6812778603269,313.17236255572067,23,8.129802130606441,3.592799420557069,0.8970497833349765,24.62160137880957,117.0434799194336,205.0,14.017677307128906,28.83448028564453,607,311,615,316,237.88442993164062
40,615.0050994390617,648.8154003059664,11,4.967994363003793,2.848231107005645,0.8193342786072867,-30.694770167017396,178.27272033691406,384.0,24.78753662109375,59.355186462402344,613,647,618,651,181.85098266601562
41,663.4095615671641,890.1378964552239,85,18.735889939343842,5.914528983299425,0.9488660085236764,-24.51406801883753,504.4705810546875,2317.0,63.0609130859375,307.5677795410156,654,886,671,896,422.3052062988281
42,673.7707036859741,555.568282842098,28,8.61936945059588,4.193330573010269,0.8736801027563506,-74.22461578975118,522.25,1850.0,82.7877197265625,306.5560607910156,672,552,677,561,182.10269165039062
43,684.1935531764501,231.58693722625853,90,16.887696832964618,6.801798373222743,0.9153027667071385,30.789677199006316,3442.522216796875,35772.0,459.39337158203125,4820.3154296875,678,227,693,238,348.9853515625
44,717.7204717679904,874.2930317360834,5,2.5298221281347035,2.5298221281347035,0.0,-45.0,3510.199951171875,6569.0,468.60919189453125,881.2896118164062,717,873,720,876,432.5282287597656
45,725.3175118661004,265.29665251061704,45,8.359831485501223,7.016568240935267,0.5436387093488783,-77.67825514529532,177.91111755371094,401.0,18.79281234741211,48.8331298828125,722,261,730,270,346.9716796875
46,727.1944095245138,793.0843008208237,45,14.970122587422757,3.871277275296402,0.9659844287129848,-37.73510086234923,300.5111083984375,935.0,39.04460906982422,121.0036392211914,722,789,734,799,370.843017578125
47,733.4808841737705,462.26954562055175,100,16.857879296176073,7.635856575103949,0.8915335049962727,76.80268874107577,2245.260009765625,20040.0,339.7527770996094,2698.7724609375,730,456,738,473,245.56382751464844
48,743.8171218427505,131.4237271224129,62,16.507439242697437,4.92606904177397,0.9544361850678716,28.380528167206176,1131.54833984375,5754.0,147.81788635253906,771.3475952148438,737,127,752,137,466.2060546875
49,758.2541264912568,744.9852917143324,40,12.241368111487077,4.311485446927465,0.9359224379475864,-45.88186673069773,305.95001220703125,1025.0,36.8659782409668,133.14447021484375,754,741,763,751,356.74212646484375
50,786.5675852506607,692.4753513294914,236,26.055002102270457,11.91524734953901,0.8893066729263605,-55.27133427869973,2933.771240234375,47272.0,390.7577819824219,6371.64453125,777,682,795,707,347.309326171875
51,794.4757082668975,367.7137683072342,119,19.671759975091888,7.877471352755685,0.9163204980913736,62.07728601105184,2387.470703125,24764.0,316.88397216796875,3335.356689453125,790,360,802,379,338.53131103515625
52,857.049113711203,270.582638548308,43,14.767758405317242,3.8996133061439746,0.9645055318210292,54.596930295617774,331.93023681640625,1275.0,39.78554153442383,167.00390625,853,265,862,277,443.3192138671875
53,871.6762454511231,891.3931484502447,44,15.947310860664357,3.5764108167079467,0.9745283840337643,-41.77794307805861,181.11363220214844,493.0,20.682340621948242,62.727638244628906,867,886,879,897,538.838623046875
54,971.7318547435029,407.5467896551181,94,19.775249288877923,6.254283814959268,0.9486697968823437,77.89501874091606,675.8404541015625,4001.0,86.72435760498047,535.27587890625,968,400,976,419,493.5240478515625
55,1028.1135751623633,643.8065103754158,65,18.913338373896117,4.417522755363411,0.9723408237492948,-73.97840271603478,194.24615478515625,472.0,23.046829223632812,60.02967834472656,1025,636,1032,654,551.711181640625
