frame_a,frame_b,overall,peak_presence_jaccard,peak_roi_area_cosine,same_window_acf_shifted_median,all_window_acf_frame_median
1GPa,0.7GPa,0.419948,0.322188,0.0418401,0.860459,0.816925
1.3GPa,0.7GPa,0.731673,0.325175,0.960528,0.995394,0.870827
1.3GPa,1GPa,0.40907,0.299685,0.0354158,0.85187,0.82121
1.5GPa,0.7GPa,0.401585,0.270769,0.027102,0.881806,0.815496
1.5GPa,1GPa,0.73112,0.368098,0.931843,0.96329,0.867166
1.5GPa,1.3GPa,0.409901,0.295681,0.0162933,0.890546,0.822768
2.3GPa,0.7GPa,0.402535,0.282209,0.0245196,0.855805,0.834966
2.3GPa,1GPa,0.563015,0.358434,0.411418,0.910311,0.880503
2.3GPa,1.3GPa,0.403722,0.29085,0.0148795,0.85923,0.83743
2.3GPa,1.5GPa,0.551882,0.315951,0.423258,0.922125,0.865979
2.4GPa_decomp,0.7GPa,0.417452,0.216028,0.157861,0.861321,0.814797
2.4GPa_decomp,1GPa,0.533974,0.281879,0.533385,0.808467,0.757384
2.4GPa_decomp,1.3GPa,0.42325,0.230189,0.151627,0.866285,0.826258
2.4GPa_decomp,1.5GPa,0.558546,0.254355,0.634545,0.822237,0.764736
2.4GPa_decomp,2.3GPa,0.438911,0.245734,0.229107,0.823908,0.795933
3.9GPa,0.7GPa,0.384079,0.253968,0.0141112,0.856572,0.797615
3.9GPa,1GPa,0.439554,0.329193,0.0202766,0.952116,0.852205
3.9GPa,1.3GPa,0.414522,0.338129,0.0125565,0.859872,0.802902
3.9GPa,1.5GPa,0.460079,0.353333,0.0537076,0.966829,0.846225
3.9GPa,2.3GPa,0.51314,0.321543,0.318224,0.880485,0.86024
3.9GPa,2.4GPa_decomp,0.387716,0.234657,0.108645,0.814525,0.733914
5GPa,0.7GPa,0.390129,0.239521,0.0196458,0.876103,0.834545
5GPa,1GPa,0.427636,0.322485,0.0172998,0.898005,0.866498
5GPa,1.3GPa,0.39116,0.24127,0.0195657,0.881172,0.830742
5GPa,1.5GPa,0.429076,0.291793,0.0360343,0.933444,0.862999
5GPa,2.3GPa,0.436746,0.319018,0.0521136,0.891537,0.87432
5GPa,2.4GPa_decomp,0.469024,0.312727,0.256965,0.84011,0.763054
5GPa,3.9GPa,0.573828,0.321429,0.49511,0.929785,0.845585
6.2GPa,0.7GPa,0.401082,0.28254,0.0223869,0.864661,0.816963
6.2GPa,1GPa,0.427012,0.308383,0.0361747,0.894613,0.862018
6.2GPa,1.3GPa,0.39413,0.257426,0.0233739,0.872466,0.816836
6.2GPa,1.5GPa,0.440449,0.309148,0.0663324,0.919779,0.855943
6.2GPa,2.3GPa,0.417769,0.308411,0.00906514,0.886499,0.865368
6.2GPa,2.4GPa_decomp,0.395332,0.285714,0.075242,0.799596,0.752271
6.2GPa,3.9GPa,0.464589,0.318937,0.143908,0.924362,0.832772
6.2GPa,5GPa,0.570785,0.346278,0.416682,0.983491,0.852564
6.6GPa,0.7GPa,0.521434,0.281787,0.371388,0.917458,0.852673
6.6GPa,1GPa,0.425891,0.26087,0.138221,0.856886,0.81162
6.6GPa,1.3GPa,0.51741,0.223776,0.42734,0.914619,0.853083
6.6GPa,1.5GPa,0.408526,0.263158,0.0713666,0.866643,0.811217
6.6GPa,2.3GPa,0.409265,0.296667,0.0415923,0.844904,0.826486
6.6GPa,2.4GPa_decomp,0.465685,0.198502,0.349121,0.848209,0.812206
6.6GPa,3.9GPa,0.400435,0.244898,0.0868217,0.852211,0.788213
6.6GPa,5GPa,0.454946,0.25,0.230638,0.869952,0.82843
6.6GPa,6.2GPa,0.387495,0.245847,0.0396288,0.839123,0.811567
7.4GPa,0.7GPa,0.41141,0.322785,0.0100286,0.86308,0.818739
7.4GPa,1GPa,0.431753,0.318713,0.0313633,0.901635,0.869783
7.4GPa,1.3GPa,0.394526,0.266026,0.0104702,0.869674,0.828943
7.4GPa,1.5GPa,0.458767,0.353312,0.0585779,0.933862,0.871747
7.4GPa,2.3GPa,0.444296,0.360502,0.0112328,0.915811,0.877258
7.4GPa,2.4GPa_decomp,0.394216,0.25,0.0822984,0.841682,0.757935
7.4GPa,3.9GPa,0.45334,0.347541,0.0715054,0.917379,0.845153
7.4GPa,5GPa,0.521847,0.314985,0.309513,0.943974,0.866358
7.4GPa,6.2GPa,0.707267,0.308411,0.908071,0.988857,0.860871
7.4GPa,6.6GPa,0.386104,0.242812,0.022047,0.859274,0.817673
8.5GPa,0.7GPa,0.40898,0.320132,0.00970911,0.8541,0.821342
8.5GPa,1GPa,0.418139,0.296407,0.0224995,0.889785,0.864595
8.5GPa,1.3GPa,0.39204,0.26087,0.00807613,0.870189,0.828497
8.5GPa,1.5GPa,0.429987,0.308917,0.0353064,0.909841,0.862039
8.5GPa,2.3GPa,0.420725,0.3,0.0133856,0.902546,0.874664
8.5GPa,2.4GPa_decomp,0.396393,0.271062,0.0588705,0.839357,0.773257
8.5GPa,3.9GPa,0.436974,0.31,0.06979,0.905305,0.843176
8.5GPa,5GPa,0.48676,0.263804,0.253788,0.937217,0.872324
8.5GPa,6.2GPa,0.6343,0.292605,0.708391,0.949219,0.863518
8.5GPa,6.6GPa,0.391877,0.253378,0.0255834,0.858701,0.825195
8.5GPa,7.4GPa,0.710573,0.372937,0.837093,0.983041,0.882057
9.8GPa,0.7GPa,0.413127,0.326984,0.00816809,0.863606,0.823405
9.8GPa,1GPa,0.441885,0.370821,0.0225523,0.894033,0.843506
9.8GPa,1.3GPa,0.398636,0.282468,0.00646271,0.869237,0.826572
9.8GPa,1.5GPa,0.441778,0.357595,0.0337825,0.906111,0.835083
9.8GPa,2.3GPa,0.40857,0.295522,0.0160205,0.863541,0.850817
9.8GPa,2.4GPa_decomp,0.381442,0.262976,0.0544898,0.793673,0.762126
9.8GPa,3.9GPa,0.420076,0.300633,0.03681,0.901797,0.823015
9.8GPa,5GPa,0.489143,0.32716,0.200097,0.937614,0.84723
9.8GPa,6.2GPa,0.622698,0.3125,0.663723,0.94036,0.840897
9.8GPa,6.6GPa,0.395786,0.271242,0.0218061,0.852409,0.825517
9.8GPa,7.4GPa,0.684076,0.331288,0.815241,0.973526,0.858981
9.8GPa,8.5GPa,0.742186,0.377483,0.956226,0.97316,0.857112
10.4GPa,0.7GPa,0.51477,0.275081,0.342379,0.94869,0.840268
10.4GPa,1GPa,0.431645,0.30581,0.146803,0.827646,0.766941
10.4GPa,1.3GPa,0.532965,0.244966,0.44477,0.936363,0.843488
10.4GPa,1.5GPa,0.39793,0.257764,0.086481,0.834273,0.766091
10.4GPa,2.3GPa,0.415883,0.318328,0.078278,0.810033,0.793189
10.4GPa,2.4GPa_decomp,0.435816,0.213523,0.196929,0.889973,0.826731
10.4GPa,3.9GPa,0.389273,0.248387,0.0872368,0.816559,0.752363
10.4GPa,5GPa,0.398621,0.280757,0.0390552,0.860314,0.777181
10.4GPa,6.2GPa,0.386841,0.277419,0.0378964,0.816233,0.767527
10.4GPa,6.6GPa,0.638631,0.258621,0.80444,0.918157,0.821005
10.4GPa,7.4GPa,0.400776,0.331169,0.0192743,0.814871,0.774069
10.4GPa,8.5GPa,0.38312,0.268608,0.0188078,0.831502,0.781096
10.4GPa,9.8GPa,0.390938,0.293375,0.0159749,0.825961,0.788479
12.8GPa,0.7GPa,0.422622,0.271845,0.0489595,0.909653,0.872387
12.8GPa,1GPa,0.446414,0.348101,0.0854645,0.879956,0.819653
12.8GPa,1.3GPa,0.419712,0.245791,0.055252,0.92708,0.877953
12.8GPa,1.5GPa,0.452162,0.299035,0.153911,0.88838,0.824334
12.8GPa,2.3GPa,0.425025,0.310897,0.0370218,0.887538,0.850642
12.8GPa,2.4GPa_decomp,0.504296,0.287879,0.319521,0.899217,0.852255
12.8GPa,3.9GPa,0.409478,0.257329,0.0867013,0.861972,0.806717
12.8GPa,5GPa,0.458967,0.306452,0.136766,0.919283,0.845486
12.8GPa,6.2GPa,0.460858,0.282468,0.209732,0.878842,0.822044
12.8GPa,6.6GPa,0.436202,0.238095,0.146454,0.907801,0.849152
12.8GPa,7.4GPa,0.489648,0.286164,0.288683,0.890753,0.831566
12.8GPa,8.5GPa,0.537567,0.277778,0.460384,0.885163,0.834648
12.8GPa,9.8GPa,0.567797,0.340984,0.489896,0.886566,0.827805
12.8GPa,10.4GPa,0.440376,0.27907,0.100189,0.926353,0.84916
13.3GPa,0.7GPa,0.462331,0.305842,0.141421,0.928807,0.847328
13.3GPa,1GPa,0.409852,0.274691,0.107155,0.833192,0.766165
13.3GPa,1.3GPa,0.471149,0.27957,0.197885,0.929902,0.853026
13.3GPa,1.5GPa,0.388161,0.245223,0.0609417,0.838185,0.776088
13.3GPa,2.3GPa,0.37825,0.257143,0.0229835,0.808986,0.797051
13.3GPa,2.4GPa_decomp,0.418904,0.220149,0.128508,0.885115,0.841842
13.3GPa,3.9GPa,0.373422,0.247492,0.0415114,0.805727,0.754675
13.3GPa,5GPa,0.397932,0.289474,0.0209625,0.856176,0.793948
13.3GPa,6.2GPa,0.384267,0.269103,0.0260893,0.829139,0.776173
13.3GPa,6.6GPa,0.563426,0.258065,0.550018,0.914473,0.83469
13.3GPa,7.4GPa,0.393018,0.285714,0.0133488,0.852409,0.790213
13.3GPa,8.5GPa,0.37466,0.235294,0.013347,0.852609,0.785208
13.3GPa,9.8GPa,0.380249,0.261146,0.0134551,0.83294,0.788152
13.3GPa,10.4GPa,0.638747,0.323843,0.682629,0.967823,0.846988
13.3GPa,12.8GPa,0.41821,0.236667,0.0833103,0.907682,0.858982
15.6GPa,0.7GPa,0.645158,0.321429,0.736677,0.931002,0.836362
15.6GPa,1GPa,0.473796,0.27907,0.290714,0.838046,0.808657
15.6GPa,1.3GPa,0.660233,0.35689,0.741853,0.924507,0.852431
15.6GPa,1.5GPa,0.482158,0.314465,0.257877,0.864569,0.812123
15.6GPa,2.3GPa,0.453159,0.309598,0.1695,0.847521,0.829641
15.6GPa,2.4GPa_decomp,0.47904,0.237762,0.331541,0.860221,0.82878
15.6GPa,3.9GPa,0.409659,0.294498,0.0741679,0.824869,0.795739
15.6GPa,5GPa,0.421942,0.334395,0.0412102,0.856429,0.808366
15.6GPa,6.2GPa,0.402284,0.298413,0.0352927,0.832869,0.804517
15.6GPa,6.6GPa,0.579507,0.255814,0.596629,0.931222,0.831591
15.6GPa,7.4GPa,0.397739,0.281818,0.0219994,0.854744,0.810358
15.6GPa,8.5GPa,0.379607,0.223565,0.0196845,0.86946,0.810412
15.6GPa,9.8GPa,0.392607,0.289634,0.0159696,0.828771,0.804603
15.6GPa,10.4GPa,0.597808,0.3125,0.59577,0.935107,0.817868
15.6GPa,12.8GPa,0.426965,0.275641,0.0832887,0.880409,0.862815
15.6GPa,13.3GPa,0.498573,0.327586,0.259585,0.902856,0.836475
