peak_group,group_two_theta,reliable,coverage_fraction,detected_frame_count,detected_fraction,roi_presence_count,roi_fraction,roi_presence_threshold,max_roi_area
1,2.0481,0,0.176471,3,0.176471,0,0,0.0001,0
2,2.0955,0,0.235294,4,0.235294,0,0,0.0001,0
3,2.1215,0,0.352941,6,0.352941,0,0,0.0001,0
4,2.1473,0,0.411765,7,0.411765,0,0,0.0001,0
5,2.1746,0,0.647059,2,0.117647,11,0.647059,0.00011586,0.0011586
6,2.317,0,0.647059,3,0.176471,11,0.647059,0.000313714,0.00313714
7,2.3439,1,0.647059,11,0.647059,11,0.647059,0.00122479,0.0122479
8,2.3658,1,0.647059,10,0.588235,11,0.647059,0.000347281,0.00347281
9,2.3981,1,0.647059,10,0.588235,11,0.647059,0.000246475,0.00246475
10,2.4278,1,0.529412,5,0.294118,9,0.529412,0.000121418,0.00121418
11,2.4686,0,0.529412,4,0.235294,9,0.529412,0.0001,0.000468226
12,2.5027,0,0.647059,3,0.176471,11,0.647059,0.000492679,0.00492679
13,2.5384,0,0.352941,1,0.0588235,6,0.352941,0.000142314,0.00142314
14,2.5858,1,0.352941,6,0.352941,6,0.352941,0.000248556,0.00248556
15,2.6172,1,0.588235,5,0.294118,10,0.588235,0.000284216,0.00284216
16,2.649,1,0.647059,6,0.352941,11,0.647059,0.00019452,0.0019452
17,2.6774,1,0.705882,8,0.470588,12,0.705882,0.000251971,0.00251971
18,2.7012,1,0.647059,10,0.588235,11,0.647059,0.000347811,0.00347811
19,2.7353,1,0.705882,12,0.705882,11,0.647059,0.000297323,0.00297323
20,2.7638,0,0.647059,4,0.235294,11,0.647059,0.000195518,0.00195518
21,2.8059,0,0.176471,1,0.0588235,3,0.176471,0.0001,0.000330158
22,2.8339,0,0.0588235,1,0.0588235,0,0,0.0001,7.49123e-05
23,2.8743,1,0.529412,9,0.529412,6,0.352941,0.0001,0.000785712
24,2.922,1,0.588235,10,0.588235,6,0.352941,0.0001,0.000499129
25,2.956,1,0.529412,9,0.529412,8,0.470588,0.000249302,0.00249302
26,2.9885,1,0.529412,6,0.352941,9,0.529412,0.0001,0.000686731
27,3.0156,1,0.470588,7,0.411765,8,0.470588,0.0001,0.000670304
28,3.0634,1,0.411765,7,0.411765,3,0.176471,0.0001,0.000316184
29,3.113,1,0.705882,12,0.705882,6,0.352941,0.000195161,0.00195161
30,3.1379,1,0.529412,9,0.529412,6,0.352941,0.000195202,0.00195202
31,3.1631,1,0.411765,6,0.352941,7,0.411765,0.000233199,0.00233199
32,3.1895,1,0.470588,6,0.352941,8,0.470588,0.000204083,0.00204083
33,3.2261,1,0.411765,7,0.411765,6,0.352941,0.0001,0.000920476
34,3.2501,0,0.235294,4,0.235294,2,0.117647,0.0001,0.000225185
35,3.2967,0,0.117647,2,0.117647,0,0,0.0001,5.76291e-05
36,3.3878,1,0.823529,14,0.823529,11,0.647059,0.000577826,0.00577826
37,3.4122,1,0.705882,12,0.705882,1,0.0588235,0.0001,0.000103855
38,3.4519,1,0.764706,13,0.764706,12,0.705882,0.0001,0.000613584
39,3.4838,1,0.352941,6,0.352941,6,0.352941,0.0001,0.00051334
40,3.5116,1,0.470588,8,0.470588,8,0.470588,0.0001,0.000885278
41,3.5406,1,0.588235,10,0.588235,9,0.529412,0.0001,0.000599283
42,3.5754,1,0.647059,10,0.588235,11,0.647059,0.0001,0.000532591
43,3.615,1,0.588235,7,0.411765,10,0.588235,0.000132291,0.00132291
44,3.6417,1,0.411765,7,0.411765,7,0.411765,0.000156528,0.00156528
45,3.6613,1,0.411765,7,0.411765,7,0.411765,0.0001,0.000515815
46,3.706,1,0.705882,8,0.470588,12,0.705882,0.000113889,0.00113889
47,3.7422,1,0.588235,7,0.411765,10,0.588235,0.000454491,0.00454491
48,3.7793,1,0.529412,9,0.529412,7,0.411765,0.00112397,0.0112397
49,3.8058,1,0.764706,13,0.764706,7,0.411765,0.00112731,0.0112731
50,3.838,1,0.588235,10,0.588235,7,0.411765,0.000968002,0.00968002
51,3.8753,0,0.411765,2,0.117647,7,0.411765,0.000463558,0.00463558
52,3.9157,1,0.352941,6,0.352941,6,0.352941,0.0001,0.000610764
53,3.9485,1,0.352941,6,0.352941,5,0.294118,0.0001,0.000447753
54,3.9838,0,0.411765,3,0.176471,7,0.411765,0.0001,0.000720225
55,4.0111,1,0.529412,9,0.529412,5,0.294118,0.0001,0.000472733
56,4.0518,1,0.529412,9,0.529412,1,0.0588235,0.000590629,0.00590629
57,4.0801,1,0.411765,7,0.411765,1,0.0588235,0.000934548,0.00934548
58,4.1146,1,0.411765,7,0.411765,1,0.0588235,0.00104251,0.0104251
59,4.1424,1,0.352941,6,0.352941,1,0.0588235,0.000958306,0.00958306
60,4.1786,1,0.529412,9,0.529412,3,0.176471,0.00036101,0.0036101
61,4.2134,1,0.588235,8,0.470588,10,0.588235,0.0001,0.000863716
62,4.2472,1,0.647059,8,0.470588,11,0.647059,0.0001,0.000405297
63,4.2872,1,0.352941,6,0.352941,3,0.176471,0.0001,0.000216415
64,4.3064,0,0.176471,3,0.176471,3,0.176471,0.0001,0.000317277
65,4.3653,1,0.588235,10,0.588235,3,0.176471,0.0001,0.000184001
66,4.4045,0,0.0588235,1,0.0588235,1,0.0588235,0.0001,0.000112663
67,4.4327,0,0.294118,3,0.176471,5,0.294118,0.000160469,0.00160469
68,4.4761,1,0.647059,11,0.647059,1,0.0588235,0.000651849,0.00651849
69,4.5091,1,0.647059,11,0.647059,2,0.117647,0.000879224,0.00879224
70,4.5321,0,0.235294,4,0.235294,2,0.117647,0.000746781,0.00746781
71,4.5727,1,0.529412,9,0.529412,3,0.176471,0.00048081,0.0048081
72,4.6017,1,0.470588,8,0.470588,7,0.411765,0.000243707,0.00243707
73,4.6343,1,0.705882,11,0.647059,12,0.705882,0.0001,0.00063341
74,4.6735,1,0.705882,12,0.705882,6,0.352941,0.0001,0.000257337
75,4.7191,0,0.294118,4,0.235294,5,0.294118,0.0001,0.000458443
76,4.744,1,0.529412,9,0.529412,7,0.411765,0.0001,0.000312012
77,4.7735,1,0.470588,8,0.470588,8,0.470588,0.0001,0.000314342
78,4.8,1,0.411765,7,0.411765,4,0.235294,0.0001,0.000422781
79,4.8491,1,0.529412,9,0.529412,5,0.294118,0.0001,0.000753101
80,4.868,1,0.647059,11,0.647059,3,0.176471,0.0001,0.000408797
81,4.8999,1,0.647059,11,0.647059,7,0.411765,0.0001,0.000877033
82,4.9357,1,0.647059,11,0.647059,9,0.529412,0.0001,0.000533564
83,4.9669,1,0.647059,11,0.647059,10,0.588235,0.0001,0.000250095
84,4.9966,1,0.411765,7,0.411765,5,0.294118,0.0001,0.00046498
85,5.0238,1,0.352941,6,0.352941,3,0.176471,0.0001,0.000434451
86,5.0643,1,0.529412,9,0.529412,8,0.470588,0.0001,0.000574889
87,5.0847,0,0.176471,3,0.176471,3,0.176471,0.0001,0.000146766
88,5.1278,0,0.705882,4,0.235294,12,0.705882,0.0001,0.000975237
89,5.1607,1,0.647059,6,0.352941,11,0.647059,0.0001,0.000635786
90,5.1889,1,0.588235,10,0.588235,10,0.588235,0.0001,0.000710836
91,5.2216,1,0.352941,5,0.294118,6,0.352941,0.0001,0.000864171
92,5.2483,0,0.235294,4,0.235294,4,0.235294,0.0001,0.000238686
93,5.2938,1,0.470588,8,0.470588,5,0.294118,0.0001,0.000324021
94,5.3292,1,0.588235,10,0.588235,6,0.352941,0.0001,0.000525042
95,5.3586,1,0.470588,8,0.470588,7,0.411765,0.0001,0.00063849
96,5.3902,1,0.470588,8,0.470588,6,0.352941,0.0001,0.000625038
97,5.4255,1,0.470588,6,0.352941,8,0.470588,0.0001,0.000801163
98,5.4685,1,0.352941,6,0.352941,6,0.352941,0.0001,0.000950869
99,5.4991,1,0.529412,9,0.529412,2,0.117647,0.0001,0.000766985
100,5.5538,1,0.470588,8,0.470588,8,0.470588,0.0001,0.000324126
101,5.5845,1,0.705882,12,0.705882,5,0.294118,0.0001,0.000571411
102,5.6117,1,0.588235,10,0.588235,7,0.411765,0.0001,0.000462346
103,5.6597,1,0.470588,8,0.470588,3,0.176471,0.0001,0.000349241
104,5.6887,1,0.470588,8,0.470588,2,0.117647,0.0001,0.000110416
105,5.7227,0,0.235294,4,0.235294,3,0.176471,0.000162801,0.00162801
106,5.7669,1,0.411765,7,0.411765,4,0.235294,0.000538735,0.00538735
107,5.8057,1,0.352941,6,0.352941,5,0.294118,0.00123464,0.0123464
108,5.8404,1,0.588235,10,0.588235,7,0.411765,0.00144141,0.0144141
109,5.8754,0,0.411765,3,0.176471,7,0.411765,0.000921336,0.00921336
110,5.9152,0,0.529412,4,0.235294,9,0.529412,0.00103468,0.0103468
111,5.954,1,0.411765,7,0.411765,6,0.352941,0.000731608,0.00731608
112,5.9941,1,0.411765,7,0.411765,5,0.294118,0.000364821,0.00364821
113,6.0269,1,0.588235,5,0.294118,10,0.588235,0.000261824,0.00261824
114,6.0494,0,0.235294,4,0.235294,4,0.235294,0.0001,0.000469564
115,6.0961,1,0.352941,6,0.352941,5,0.294118,0.00061075,0.0061075
116,6.1355,1,0.470588,8,0.470588,3,0.176471,0.0001,0.000788178
117,6.1656,0,0.235294,3,0.176471,4,0.235294,0.0014788,0.014788
118,6.2044,1,0.294118,5,0.294118,4,0.235294,0.000109247,0.00109247
119,6.2312,0,0.235294,4,0.235294,3,0.176471,0.00048472,0.0048472
120,6.262,1,0.470588,8,0.470588,4,0.235294,0.00175493,0.0175493
121,6.3,1,0.647059,11,0.647059,2,0.117647,0.00261819,0.0261819
122,6.3258,1,0.352941,6,0.352941,3,0.176471,0.00270855,0.0270855
123,6.3529,0,0.235294,4,0.235294,4,0.235294,0.00238639,0.0238639
124,6.3815,0,0.176471,3,0.176471,3,0.176471,0.00179511,0.0179511
125,6.4349,1,0.352941,6,0.352941,4,0.235294,0.00215853,0.0215853
126,6.4505,1,0.411765,7,0.411765,5,0.294118,0.000815163,0.00815163
127,6.4877,1,0.411765,7,0.411765,4,0.235294,0.00143416,0.0143416
128,6.521,1,0.352941,6,0.352941,2,0.117647,0.0028928,0.028928
129,6.5454,1,0.529412,9,0.529412,3,0.176471,0.0023226,0.023226
130,6.5893,1,0.529412,9,0.529412,5,0.294118,0.00171525,0.0171525
131,6.6195,0,0.235294,4,0.235294,4,0.235294,0.00113613,0.0113613
132,6.6504,0,0.235294,4,0.235294,2,0.117647,0.0025918,0.025918
133,6.6631,1,0.294118,5,0.294118,2,0.117647,0.0018489,0.018489
134,6.698,1,0.294118,5,0.294118,3,0.176471,0.00135134,0.0135134
135,6.7464,0,0.235294,4,0.235294,3,0.176471,0.00244495,0.0244495
136,6.7745,1,0.294118,5,0.294118,2,0.117647,0.00302108,0.0302108
137,6.7928,0,0.235294,4,0.235294,3,0.176471,0.00336666,0.0336666
138,6.8244,0,0.235294,4,0.235294,2,0.117647,0.00179174,0.0179174
139,6.863,1,0.411765,7,0.411765,4,0.235294,0.00255346,0.0255346
140,6.8883,1,0.411765,7,0.411765,3,0.176471,0.001758,0.01758
141,6.9334,1,0.411765,7,0.411765,3,0.176471,0.00149324,0.0149324
142,6.9671,0,0.235294,4,0.235294,4,0.235294,0.000312977,0.00312977
143,6.9986,1,0.588235,10,0.588235,6,0.352941,0.000239266,0.00239266
144,7.0391,1,0.352941,6,0.352941,4,0.235294,0.00112701,0.0112701
145,7.0643,0,0.235294,3,0.176471,4,0.235294,0.00156695,0.0156695
146,7.1004,0,0.235294,2,0.117647,4,0.235294,0.00236015,0.0236015
147,7.1251,1,0.294118,5,0.294118,1,0.0588235,0.00194189,0.0194189
148,7.1621,1,0.294118,5,0.294118,1,0.0588235,0.00129957,0.0129957
149,7.224,1,0.470588,8,0.470588,2,0.117647,0.000205354,0.00205354
150,7.2605,0,0.176471,3,0.176471,2,0.117647,0.0001,0.000453984
151,7.3076,1,0.529412,9,0.529412,2,0.117647,0.0001,0.000270572
152,7.3385,1,0.529412,9,0.529412,6,0.352941,0.0001,0.000611466
153,7.3737,1,0.705882,8,0.470588,12,0.705882,0.0001,0.00069595
154,7.3967,1,0.529412,8,0.470588,9,0.529412,0.0001,0.000733475
155,7.4391,1,0.647059,11,0.647059,8,0.470588,0.000104703,0.00104703
156,7.4573,1,0.705882,12,0.705882,11,0.647059,0.0001,0.00080781
157,7.4887,0,0.117647,2,0.117647,2,0.117647,0.0001,0.00056839
158,7.5451,1,0.294118,5,0.294118,2,0.117647,0.00686224,0.0686224
159,7.5834,1,0.529412,9,0.529412,3,0.176471,0.00912399,0.0912399
160,7.5997,1,0.647059,11,0.647059,3,0.176471,0.00872416,0.0872416
161,7.6465,1,0.647059,11,0.647059,4,0.235294,0.00913934,0.0913934
162,7.6785,1,0.470588,8,0.470588,2,0.117647,0.00750834,0.0750834
163,7.714,1,0.470588,8,0.470588,2,0.117647,0.00514088,0.0514088
164,7.7429,1,0.352941,6,0.352941,4,0.235294,0.00325229,0.0325229
165,7.7985,1,0.529412,9,0.529412,4,0.235294,0.00852417,0.0852417
166,7.8221,1,0.352941,6,0.352941,3,0.176471,0.00856101,0.0856101
167,7.8543,1,0.411765,7,0.411765,5,0.294118,0.00563343,0.0563343
168,7.8998,1,0.294118,5,0.294118,2,0.117647,0.0119556,0.119556
169,7.9165,1,0.294118,5,0.294118,3,0.176471,0.0120861,0.120861
170,7.9634,1,0.352941,6,0.352941,6,0.352941,0.00968515,0.0968515
171,8.0065,1,0.294118,5,0.294118,4,0.235294,0.0212111,0.212111
172,8.0415,1,0.352941,6,0.352941,4,0.235294,0.0194434,0.194434
173,8.0611,1,0.352941,6,0.352941,4,0.235294,0.0178031,0.178031
174,8.1067,1,0.294118,5,0.294118,3,0.176471,0.0053021,0.053021
175,8.1307,0,0.176471,3,0.176471,2,0.117647,0.00243975,0.0243975
176,8.1685,1,0.411765,6,0.352941,7,0.411765,0.000215082,0.00215082
177,8.193,1,0.411765,5,0.294118,7,0.411765,0.00025343,0.0025343
178,8.2242,1,0.470588,8,0.470588,7,0.411765,0.000221859,0.00221859
179,8.2533,1,0.588235,10,0.588235,7,0.411765,0.000228141,0.00228141
180,8.2809,1,0.470588,8,0.470588,6,0.352941,0.000586692,0.00586692
181,8.3238,1,0.411765,7,0.411765,3,0.176471,0.00037553,0.0037553
182,8.3458,1,0.411765,7,0.411765,3,0.176471,0.000248455,0.00248455
183,8.3743,0,0.176471,2,0.117647,3,0.176471,0.000120603,0.00120603
184,8.4203,1,0.294118,5,0.294118,2,0.117647,0.000112775,0.00112775
185,8.4407,0,0.235294,4,0.235294,3,0.176471,0.000119611,0.00119611
186,8.4785,1,0.411765,7,0.411765,3,0.176471,0.0001,0.000259502
187,8.5012,0,0.294118,2,0.117647,5,0.294118,0.0001,0.000653446
188,8.5475,0,0.235294,4,0.235294,4,0.235294,0.0001,0.000627265
189,8.5729,1,0.352941,6,0.352941,3,0.176471,0.0001,0.000869102
190,8.6056,0,0.235294,4,0.235294,3,0.176471,0.000291791,0.00291791
191,8.6419,1,0.352941,6,0.352941,2,0.117647,0.000428004,0.00428004
192,8.6744,1,0.352941,6,0.352941,1,0.0588235,0.00055327,0.0055327
193,8.6987,1,0.352941,6,0.352941,1,0.0588235,0.000766801,0.00766801
194,8.7297,0,0.176471,3,0.176471,1,0.0588235,0.000681877,0.00681877
195,8.7674,1,0.294118,5,0.294118,3,0.176471,0.000369227,0.00369227
196,8.8037,1,0.294118,5,0.294118,4,0.235294,0.00111849,0.0111849
197,8.8403,1,0.352941,6,0.352941,2,0.117647,0.00124578,0.0124578
198,8.87,1,0.411765,7,0.411765,3,0.176471,0.00123375,0.0123375
199,8.8921,1,0.411765,7,0.411765,4,0.235294,0.00151632,0.0151632
200,8.9243,1,0.411765,7,0.411765,3,0.176471,0.00118043,0.0118043
201,8.9622,1,0.294118,5,0.294118,4,0.235294,0.000916375,0.00916375
202,8.9902,0,0.294118,4,0.235294,5,0.294118,0.000421623,0.00421623
203,9.046,1,0.411765,7,0.411765,5,0.294118,0.000308174,0.00308174
204,9.0744,1,0.470588,8,0.470588,5,0.294118,0.000323411,0.00323411
205,9.1023,1,0.470588,8,0.470588,5,0.294118,0.000464227,0.00464227
206,9.1305,1,0.352941,6,0.352941,5,0.294118,0.000592707,0.00592707
207,9.1709,1,0.411765,7,0.411765,5,0.294118,0.000774026,0.00774026
208,9.1999,0,0.294118,4,0.235294,5,0.294118,0.000718383,0.00718383
209,9.2374,0,0.294118,4,0.235294,5,0.294118,0.000402144,0.00402144
210,9.2713,1,0.294118,5,0.294118,3,0.176471,0.00271544,0.0271544
211,9.3066,0,0.235294,4,0.235294,3,0.176471,0.00853754,0.0853754
212,9.3385,0,0.235294,4,0.235294,3,0.176471,0.025382,0.25382
213,9.3694,1,0.294118,5,0.294118,3,0.176471,0.0306996,0.306996
214,9.3953,1,0.470588,8,0.470588,4,0.235294,0.0328441,0.328441
215,9.4339,0,0.235294,4,0.235294,4,0.235294,0.021523,0.21523
216,9.4501,0,0.294118,3,0.176471,5,0.294118,0.0214876,0.214876
217,9.481,1,0.294118,5,0.294118,4,0.235294,0.0148858,0.148858
218,9.5136,0,0.176471,3,0.176471,3,0.176471,0.0184388,0.184388
219,9.5604,0,0.235294,1,0.0588235,4,0.235294,0.0117914,0.117914
220,9.5925,0,0.352941,4,0.235294,6,0.352941,0.0130843,0.130843
221,9.6332,0,0.352941,4,0.235294,6,0.352941,0.0140493,0.140493
222,9.6704,0,0.235294,4,0.235294,4,0.235294,0.0268361,0.268361
223,9.7029,0,0.235294,4,0.235294,3,0.176471,0.0318309,0.318309
224,9.7403,0,0.235294,4,0.235294,2,0.117647,0.0282699,0.282699
225,9.7661,0,0.0588235,1,0.0588235,1,0.0588235,0.0148968,0.148968
226,9.8073,1,0.411765,7,0.411765,1,0.0588235,0.00321036,0.0321036
227,9.8294,1,0.352941,6,0.352941,6,0.352941,0.00549105,0.0549105
228,9.8743,0,0.235294,4,0.235294,3,0.176471,0.0111128,0.111128
229,9.9178,1,0.352941,6,0.352941,3,0.176471,0.0152989,0.152989
230,9.9434,0,0.235294,4,0.235294,4,0.235294,0.0167961,0.167961
231,9.9856,0,0.352941,3,0.176471,6,0.352941,0.0123344,0.123344
232,10.0138,1,0.352941,5,0.294118,6,0.352941,0.00652633,0.0652633
233,10.0552,1,0.411765,7,0.411765,3,0.176471,0.00432794,0.0432794
234,10.0823,0,0.176471,2,0.117647,3,0.176471,0.00415261,0.0415261
235,10.1017,0,0.352941,4,0.235294,6,0.352941,0.00399213,0.0399213
236,10.1367,0,0.235294,4,0.235294,2,0.117647,0.00189187,0.0189187
237,10.1684,1,0.470588,8,0.470588,3,0.176471,0.0018437,0.018437
238,10.2066,1,0.294118,5,0.294118,1,0.0588235,0.00166711,0.0166711
239,10.2435,0,0.235294,4,0.235294,3,0.176471,0.00223207,0.0223207
240,10.282,1,0.294118,5,0.294118,1,0.0588235,0.00228144,0.0228144
241,10.3281,1,0.294118,5,0.294118,3,0.176471,0.000997097,0.00997097
242,10.3644,0,0.235294,4,0.235294,0,0,0.0001,7.614e-05
243,10.4356,1,0.294118,5,0.294118,1,0.0588235,0.000433841,0.00433841
244,10.4766,0,0.117647,2,0.117647,1,0.0588235,0.00436058,0.0436058
245,10.5158,0,0.235294,2,0.117647,4,0.235294,0.00935342,0.0935342
246,10.558,0,0.294118,2,0.117647,5,0.294118,0.00933062,0.0933062
247,10.6088,1,0.529412,9,0.529412,5,0.294118,0.00928907,0.0928907
248,10.6469,1,0.470588,8,0.470588,6,0.352941,0.0180973,0.180973
249,10.6731,1,0.470588,8,0.470588,7,0.411765,0.0203226,0.203226
250,10.7041,1,0.411765,7,0.411765,7,0.411765,0.0187954,0.187954
251,10.7336,1,0.294118,5,0.294118,5,0.294118,0.0110396,0.110396
252,10.7624,0,0.294118,1,0.0588235,5,0.294118,0.00644594,0.0644594
253,10.817,1,0.411765,7,0.411765,5,0.294118,0.00438465,0.0438465
254,10.8415,0,0.117647,2,0.117647,2,0.117647,0.00371393,0.0371393
255,10.8839,0,0.235294,4,0.235294,2,0.117647,0.00699886,0.0699886
256,10.9048,1,0.352941,6,0.352941,2,0.117647,0.00643351,0.0643351
257,10.9565,1,0.470588,5,0.294118,8,0.470588,0.0043287,0.043287
258,10.9911,1,0.294118,5,0.294118,5,0.294118,0.010368,0.10368
259,11.0332,1,0.470588,8,0.470588,8,0.470588,0.012126,0.12126
260,11.0711,1,0.411765,5,0.294118,7,0.411765,0.00887902,0.0887902
261,11.0966,1,0.529412,7,0.411765,9,0.529412,0.00439613,0.0439613
262,11.1262,0,0.294118,2,0.117647,5,0.294118,0.00819865,0.0819865
263,11.1501,1,0.294118,5,0.294118,4,0.235294,0.0144445,0.144445
264,11.2004,0,0.235294,2,0.117647,4,0.235294,0.0222228,0.222228
265,11.2457,0,0.294118,3,0.176471,5,0.294118,0.0255169,0.255169
266,11.2915,1,0.294118,5,0.294118,5,0.294118,0.0247507,0.247507
267,11.324,1,0.411765,7,0.411765,4,0.235294,0.0252593,0.252593
268,11.3634,0,0.176471,1,0.0588235,3,0.176471,0.0209812,0.209812
269,11.397,0,0.352941,1,0.0588235,6,0.352941,0.0102171,0.102171
270,11.4424,0,0.352941,2,0.117647,6,0.352941,0.00797492,0.0797492
271,11.4588,0,0.235294,3,0.176471,4,0.235294,0.00843485,0.0843485
272,11.4993,1,0.294118,5,0.294118,5,0.294118,0.00873771,0.0873771
273,11.5281,0,0.294118,4,0.235294,5,0.294118,0.00746171,0.0746171
274,11.5565,0,0.294118,4,0.235294,5,0.294118,0.0072165,0.072165
275,11.5849,0,0.235294,3,0.176471,4,0.235294,0.00500371,0.0500371
276,11.6322,0,0.352941,3,0.176471,6,0.352941,0.00310249,0.0310249
277,11.664,1,0.294118,5,0.294118,1,0.0588235,0.00425012,0.0425012
278,11.7107,1,0.470588,8,0.470588,1,0.0588235,0.00751457,0.0751457
279,11.7532,1,0.294118,5,0.294118,1,0.0588235,0.00620435,0.0620435
280,11.7782,0,0.176471,3,0.176471,3,0.176471,0.00238773,0.0238773
281,11.8076,0,0.235294,4,0.235294,3,0.176471,0.00123047,0.0123047
282,11.8379,0,0.176471,2,0.117647,3,0.176471,0.000483728,0.00483728
283,11.8802,0,0.235294,4,0.235294,3,0.176471,0.000382838,0.00382838
284,11.9299,1,0.411765,6,0.352941,7,0.411765,0.000194345,0.00194345
285,11.9671,1,0.411765,6,0.352941,7,0.411765,0.000336594,0.00336594
286,12.0048,0,0.294118,3,0.176471,5,0.294118,0.000298188,0.00298188
287,12.0308,0,0.294118,4,0.235294,5,0.294118,0.000274235,0.00274235
288,12.0628,1,0.411765,7,0.411765,7,0.411765,0.000208733,0.00208733
289,12.0938,1,0.411765,6,0.352941,7,0.411765,0.000254745,0.00254745
290,12.1417,1,0.470588,8,0.470588,5,0.294118,0.000296373,0.00296373
291,12.1718,1,0.411765,7,0.411765,6,0.352941,0.000181386,0.00181386
292,12.2021,0,0.294118,4,0.235294,5,0.294118,0.0001,0.00098613
293,12.2488,1,0.294118,5,0.294118,4,0.235294,0.000143054,0.00143054
294,12.2806,0,0.411765,4,0.235294,7,0.411765,0.0001,0.000975892
295,12.3121,1,0.470588,8,0.470588,4,0.235294,0.0001,0.000217464
296,12.3415,1,0.470588,8,0.470588,5,0.294118,0.0001,0.000220458
297,12.3642,0,0.411765,3,0.176471,7,0.411765,0.0001,0.00047327
298,12.3989,1,0.411765,7,0.411765,6,0.352941,0.0001,0.000502729
299,12.4354,1,0.529412,9,0.529412,5,0.294118,0.000119709,0.00119709
300,12.4572,1,0.588235,10,0.588235,4,0.235294,0.0001,0.000830779
301,12.4846,1,0.529412,9,0.529412,4,0.235294,0.000111731,0.00111731
302,12.5171,1,0.352941,6,0.352941,4,0.235294,0.000118909,0.00118909
303,12.5522,1,0.529412,9,0.529412,4,0.235294,0.000172671,0.00172671
304,12.5937,1,0.352941,6,0.352941,5,0.294118,0.000191442,0.00191442
305,12.6409,1,0.588235,10,0.588235,3,0.176471,0.000329955,0.00329955
306,12.6698,1,0.470588,8,0.470588,2,0.117647,0.00029115,0.0029115
307,12.6927,1,0.529412,9,0.529412,3,0.176471,0.000153744,0.00153744
308,12.7337,0,0.235294,4,0.235294,4,0.235294,0.0001,0.000397133
309,12.762,1,0.294118,5,0.294118,4,0.235294,0.0001,0.00041595
310,12.7991,1,0.470588,8,0.470588,7,0.411765,0.000100111,0.00100111
311,12.8318,1,0.411765,7,0.411765,4,0.235294,0.000518557,0.00518557
312,12.8572,1,0.352941,6,0.352941,5,0.294118,0.00117177,0.0117177
313,12.8984,1,0.470588,8,0.470588,3,0.176471,0.00144088,0.0144088
314,12.914,0,0.235294,4,0.235294,3,0.176471,0.00141969,0.0141969
315,12.9537,0,0.235294,4,0.235294,3,0.176471,0.000697415,0.00697415
316,12.9845,1,0.352941,6,0.352941,6,0.352941,0.000203183,0.00203183
317,13.025,0,0.294118,3,0.176471,5,0.294118,0.000142671,0.00142671
318,13.0569,0,0.294118,3,0.176471,5,0.294118,0.000143654,0.00143654
319,13.0873,0,0.352941,3,0.176471,6,0.352941,0.000162673,0.00162673
320,13.1267,1,0.470588,5,0.294118,8,0.470588,0.000319565,0.00319565
321,13.1738,1,0.764706,13,0.764706,8,0.470588,0.000601679,0.00601679
322,13.2085,1,0.529412,9,0.529412,7,0.411765,0.000474383,0.00474383
323,13.2268,1,0.411765,6,0.352941,7,0.411765,0.000217751,0.00217751
324,13.2686,1,0.588235,7,0.411765,10,0.588235,0.000201628,0.00201628
325,13.312,1,0.470588,6,0.352941,8,0.470588,0.000266608,0.00266608
326,13.3518,1,0.470588,8,0.470588,6,0.352941,0.000331355,0.00331355
327,13.3848,1,0.294118,5,0.294118,5,0.294118,0.000605949,0.00605949
328,13.4103,1,0.411765,7,0.411765,5,0.294118,0.000710913,0.00710913
329,13.4511,0,0.176471,3,0.176471,3,0.176471,0.000430048,0.00430048
330,13.4949,0,0.294118,4,0.235294,5,0.294118,0.000674542,0.00674542
331,13.5473,1,0.294118,5,0.294118,3,0.176471,0.0012971,0.012971
332,13.5774,0,0.176471,3,0.176471,3,0.176471,0.00148954,0.0148954
333,13.6246,0,0.235294,4,0.235294,4,0.235294,0.00293738,0.0293738
334,13.655,0,0.235294,4,0.235294,2,0.117647,0.00248563,0.0248563
335,13.6878,1,0.294118,5,0.294118,3,0.176471,0.00291753,0.0291753
336,13.727,1,0.470588,8,0.470588,3,0.176471,0.00221927,0.0221927
337,13.7696,1,0.470588,8,0.470588,5,0.294118,0.00128756,0.0128756
338,13.8148,0,0.235294,4,0.235294,1,0.0588235,0.00202233,0.0202233
339,13.8284,0,0.117647,2,0.117647,1,0.0588235,0.00200964,0.0200964
340,13.8601,1,0.411765,7,0.411765,2,0.117647,0.00154942,0.0154942
341,13.923,1,0.294118,5,0.294118,5,0.294118,0.000389244,0.00389244
342,13.9506,1,0.529412,9,0.529412,6,0.352941,0.000423044,0.00423044
343,13.9984,0,0.411765,4,0.235294,7,0.411765,0.000499633,0.00499633
344,14.0309,1,0.411765,5,0.294118,7,0.411765,0.000634334,0.00634334
345,14.0614,1,0.529412,7,0.411765,9,0.529412,0.000586916,0.00586916
346,14.0931,1,0.529412,5,0.294118,9,0.529412,0.00155518,0.0155518
347,14.1355,1,0.823529,14,0.823529,9,0.529412,0.00181036,0.0181036
348,14.1748,0,0.411765,3,0.176471,7,0.411765,0.00147417,0.0147417
349,14.1965,1,0.647059,11,0.647059,9,0.529412,0.000836899,0.00836899
350,14.2468,0,0.235294,4,0.235294,3,0.176471,0.000696414,0.00696414
351,14.2881,0,0.176471,3,0.176471,2,0.117647,0.000430791,0.00430791
352,14.3284,0,0.411765,4,0.235294,7,0.411765,0.000131506,0.00131506
353,14.3768,1,0.294118,5,0.294118,4,0.235294,0.000160973,0.00160973
354,14.4031,0,0.352941,3,0.176471,6,0.352941,0.000127527,0.00127527
355,14.4606,1,0.294118,5,0.294118,1,0.0588235,0.00167156,0.0167156
356,14.4866,1,0.470588,8,0.470588,2,0.117647,0.00423474,0.0423474
357,14.5253,0,0.235294,4,0.235294,2,0.117647,0.00549271,0.0549271
358,14.5434,1,0.294118,5,0.294118,2,0.117647,0.0053175,0.053175
359,14.5898,0,0.235294,4,0.235294,4,0.235294,0.00545821,0.0545821
360,14.6076,1,0.411765,7,0.411765,4,0.235294,0.00544624,0.0544624
361,14.6457,0,0.235294,4,0.235294,3,0.176471,0.00410353,0.0410353
362,14.6846,0,0.117647,2,0.117647,2,0.117647,0.0020893,0.020893
363,14.705,0,0.294118,4,0.235294,5,0.294118,0.00142723,0.0142723
364,14.7468,1,0.352941,6,0.352941,4,0.235294,0.00108163,0.0108163
365,14.7678,0,0.176471,3,0.176471,3,0.176471,0.00238154,0.0238154
366,14.8111,1,0.352941,6,0.352941,2,0.117647,0.00293196,0.0293196
367,14.8569,1,0.294118,5,0.294118,3,0.176471,0.00171848,0.0171848
368,14.8745,1,0.352941,6,0.352941,4,0.235294,0.00106059,0.0106059
369,14.9073,0,0.294118,3,0.176471,5,0.294118,0.00052135,0.0052135
370,14.9534,0,0.235294,4,0.235294,4,0.235294,0.000810056,0.00810056
371,14.9924,0,0.352941,2,0.117647,6,0.352941,0.00059404,0.0059404
372,15.0218,0,0.529412,4,0.235294,9,0.529412,0.000522294,0.00522294
373,15.0583,1,0.529412,6,0.352941,9,0.529412,0.00068944,0.0068944
374,15.0895,0,0.529412,3,0.176471,9,0.529412,0.000913377,0.00913377
375,15.129,1,0.470588,8,0.470588,5,0.294118,0.00102625,0.0102625
376,15.1441,0,0.352941,3,0.176471,6,0.352941,0.000968715,0.00968715
377,15.1827,0,0.411765,4,0.235294,7,0.411765,0.000476379,0.00476379
378,15.2243,1,0.529412,8,0.470588,9,0.529412,0.000173011,0.00173011
379,15.2602,0,0.470588,1,0.0588235,8,0.470588,0.000391698,0.00391698
380,15.3101,1,0.470588,8,0.470588,3,0.176471,0.000447543,0.00447543
381,15.3341,1,0.411765,5,0.294118,7,0.411765,0.000351688,0.00351688
382,15.3747,0,0.529412,4,0.235294,9,0.529412,0.000338885,0.00338885
383,15.4154,1,0.647059,9,0.529412,11,0.647059,0.00015437,0.0015437
384,15.4505,0,0.294118,4,0.235294,5,0.294118,0.000174557,0.00174557
385,15.5053,1,0.294118,5,0.294118,4,0.235294,0.000168377,0.00168377
386,15.5543,0,0.235294,3,0.176471,4,0.235294,0.000201891,0.00201891
387,15.5754,0,0.294118,3,0.176471,5,0.294118,0.000542357,0.00542357
388,15.6206,1,0.411765,7,0.411765,4,0.235294,0.000662337,0.00662337
389,15.6652,1,0.529412,9,0.529412,3,0.176471,0.00241072,0.0241072
390,15.718,1,0.411765,7,0.411765,1,0.0588235,0.0153472,0.153472
391,15.7443,1,0.294118,5,0.294118,1,0.0588235,0.0153972,0.153972
392,15.7949,0,0.235294,4,0.235294,1,0.0588235,0.0071552,0.071552
393,15.8196,1,0.294118,5,0.294118,1,0.0588235,0.00331251,0.0331251
394,15.8557,1,0.294118,5,0.294118,3,0.176471,0.000392286,0.00392286
395,15.9024,0,0.235294,4,0.235294,4,0.235294,0.000657076,0.00657076
396,15.935,1,0.411765,7,0.411765,3,0.176471,0.000743892,0.00743892
397,15.9743,1,0.411765,7,0.411765,4,0.235294,0.000645447,0.00645447
398,16.0158,0,0.294118,3,0.176471,5,0.294118,0.000442415,0.00442415
399,16.052,1,0.470588,8,0.470588,4,0.235294,0.000486834,0.00486834
400,16.0909,0,0.235294,4,0.235294,4,0.235294,0.000464656,0.00464656
401,16.1297,1,0.411765,7,0.411765,7,0.411765,0.000360651,0.00360651
402,16.1631,0,0.411765,4,0.235294,7,0.411765,0.000382461,0.00382461
403,16.1955,0,0.352941,4,0.235294,6,0.352941,0.000709482,0.00709482
404,16.2249,0,0.294118,4,0.235294,5,0.294118,0.000913409,0.00913409
405,16.2724,1,0.352941,6,0.352941,4,0.235294,0.000937616,0.00937616
406,16.3083,1,0.352941,6,0.352941,5,0.294118,0.000744778,0.00744778
407,16.34,1,0.352941,5,0.294118,6,0.352941,0.000459145,0.00459145
408,16.3804,0,0.411765,3,0.176471,7,0.411765,0.000211919,0.00211919
409,16.4204,1,0.352941,6,0.352941,6,0.352941,0.000317743,0.00317743
410,16.4503,0,0.294118,4,0.235294,5,0.294118,0.000290089,0.00290089
411,16.4949,0,0.470588,4,0.235294,8,0.470588,0.000328471,0.00328471
412,16.5347,0,0.294118,4,0.235294,5,0.294118,0.000410952,0.00410952
413,16.559,0,0.235294,4,0.235294,4,0.235294,0.000554762,0.00554762
414,16.5983,1,0.294118,5,0.294118,4,0.235294,0.000404592,0.00404592
415,16.6183,1,0.352941,5,0.294118,6,0.352941,0.000480483,0.00480483
416,16.6492,1,0.529412,6,0.352941,9,0.529412,0.000357578,0.00357578
417,16.693,0,0.411765,4,0.235294,7,0.411765,0.000288407,0.00288407
418,16.7227,1,0.411765,6,0.352941,7,0.411765,0.000244789,0.00244789
419,16.7445,1,0.411765,7,0.411765,4,0.235294,0.000266813,0.00266813
420,16.7791,1,0.294118,5,0.294118,4,0.235294,0.000248238,0.00248238
421,16.8353,0,0.235294,4,0.235294,2,0.117647,0.0001,0.000438381
422,16.8533,1,0.411765,7,0.411765,3,0.176471,0.0001,0.000519313
423,16.8831,0,0.235294,4,0.235294,2,0.117647,0.0001,0.000689887
424,16.9205,1,0.411765,7,0.411765,6,0.352941,0.0001,0.000610428
425,16.9645,0,0.294118,4,0.235294,5,0.294118,0.00016565,0.0016565
426,17.0065,1,0.470588,8,0.470588,4,0.235294,0.000267667,0.00267667
427,17.0481,1,0.352941,6,0.352941,6,0.352941,0.000306128,0.00306128
428,17.0942,1,0.352941,5,0.294118,6,0.352941,0.000188713,0.00188713
429,17.1089,0,0.470588,3,0.176471,8,0.470588,0.000193762,0.00193762
430,17.1369,0,0.411765,4,0.235294,7,0.411765,0.000115632,0.00115632
431,17.1819,1,0.588235,10,0.588235,6,0.352941,0.000225573,0.00225573
432,17.2211,1,0.470588,8,0.470588,7,0.411765,0.000183914,0.00183914
433,17.2661,1,0.529412,9,0.529412,8,0.470588,0.000223702,0.00223702
434,17.3094,1,0.352941,6,0.352941,2,0.117647,0.00116162,0.0116162
435,17.3258,0,0.0588235,1,0.0588235,1,0.0588235,0.00160239,0.0160239
436,17.357,0,0.176471,3,0.176471,2,0.117647,0.00197696,0.0197696
437,17.3796,0,0.176471,2,0.117647,3,0.176471,0.0024651,0.024651
438,17.4206,0,0.235294,4,0.235294,3,0.176471,0.00285546,0.0285546
439,17.4491,0,0.176471,2,0.117647,3,0.176471,0.00217049,0.0217049
440,17.4735,1,0.529412,9,0.529412,4,0.235294,0.00190939,0.0190939
441,17.5038,1,0.470588,8,0.470588,6,0.352941,0.00138695,0.0138695
442,17.5345,0,0.411765,3,0.176471,7,0.411765,0.000467595,0.00467595
443,17.5789,0,0.470588,3,0.176471,8,0.470588,0.0001,0.000790622
444,17.6132,1,0.294118,5,0.294118,4,0.235294,0.000281537,0.00281537
445,17.6516,0,0.235294,4,0.235294,2,0.117647,0.000397988,0.00397988
446,17.6781,1,0.294118,5,0.294118,5,0.294118,0.000384456,0.00384456
447,17.7361,1,0.352941,6,0.352941,6,0.352941,0.000203858,0.00203858
448,17.7688,0,0.352941,3,0.176471,6,0.352941,0.000402661,0.00402661
449,17.7951,1,0.470588,8,0.470588,7,0.411765,0.000513325,0.00513325
450,17.8209,1,0.529412,7,0.411765,9,0.529412,0.000572984,0.00572984
451,17.8785,1,0.411765,7,0.411765,5,0.294118,0.000650938,0.00650938
452,17.9181,1,0.352941,6,0.352941,5,0.294118,0.00073708,0.0073708
453,17.9501,1,0.352941,6,0.352941,4,0.235294,0.000713957,0.00713957
454,17.9858,1,0.470588,8,0.470588,3,0.176471,0.000726238,0.00726238
455,18.0387,1,0.411765,7,0.411765,3,0.176471,0.000453189,0.00453189
456,18.0918,1,0.411765,7,0.411765,3,0.176471,0.0001,0.000581572
457,18.1182,0,0.235294,2,0.117647,4,0.235294,0.0001,0.000346761
458,18.1503,0,0.235294,3,0.176471,4,0.235294,0.0001,0.00042812
459,18.1944,1,0.529412,9,0.529412,5,0.294118,0.0001,0.00096376
460,18.2252,1,0.352941,6,0.352941,3,0.176471,0.000364483,0.00364483
461,18.2633,1,0.411765,7,0.411765,2,0.117647,0.0013073,0.013073
462,18.3065,1,0.294118,5,0.294118,2,0.117647,0.00160067,0.0160067
463,18.3239,1,0.352941,6,0.352941,3,0.176471,0.00159657,0.0159657
464,18.3747,0,0.294118,4,0.235294,5,0.294118,0.00147273,0.0147273
465,18.4013,0,0.352941,3,0.176471,6,0.352941,0.00106552,0.0106552
466,18.4404,1,0.411765,7,0.411765,6,0.352941,0.00103394,0.0103394
467,18.4698,1,0.411765,7,0.411765,7,0.411765,0.000985096,0.00985096
468,18.5009,1,0.470588,8,0.470588,8,0.470588,0.000717333,0.00717333
469,18.5382,1,0.411765,5,0.294118,7,0.411765,0.000379714,0.00379714
470,18.5654,0,0.470588,4,0.235294,8,0.470588,0.000208497,0.00208497
471,18.6014,1,0.470588,8,0.470588,5,0.294118,0.000144268,0.00144268
472,18.6241,1,0.352941,6,0.352941,3,0.176471,0.0001,0.000844245
473,18.6638,1,0.294118,5,0.294118,1,0.0588235,0.000866209,0.00866209
474,18.6912,1,0.294118,5,0.294118,1,0.0588235,0.00232288,0.0232288
475,18.7334,1,0.294118,5,0.294118,1,0.0588235,0.00299655,0.0299655
476,18.7498,1,0.411765,7,0.411765,1,0.0588235,0.0031054,0.031054
477,18.7799,1,0.352941,6,0.352941,1,0.0588235,0.00285403,0.0285403
478,18.8174,1,0.352941,6,0.352941,1,0.0588235,0.00270311,0.0270311
479,18.8504,1,0.411765,7,0.411765,1,0.0588235,0.000909472,0.00909472
480,18.8802,1,0.352941,6,0.352941,1,0.0588235,0.00157974,0.0157974
481,18.918,1,0.588235,9,0.529412,10,0.588235,0.0001,0.000916391
482,18.9464,1,0.588235,10,0.588235,10,0.588235,0.0001,0.000470656
483,18.9895,1,0.529412,9,0.529412,9,0.529412,0.0001,0.000322074
484,19.0301,1,0.588235,9,0.529412,10,0.588235,0.0001,0.000570962
485,19.0743,1,0.470588,8,0.470588,6,0.352941,0.0001,0.000602998
486,19.1021,1,0.294118,5,0.294118,2,0.117647,0.000420567,0.00420567
487,19.1391,1,0.352941,6,0.352941,6,0.352941,0.0001,0.000728381
488,19.1711,1,0.470588,8,0.470588,6,0.352941,0.0001,0.000634678
489,19.1982,1,0.529412,5,0.294118,9,0.529412,0.0001,0.000633687
490,19.2321,1,0.529412,8,0.470588,9,0.529412,0.000112272,0.00112272
491,19.264,1,0.647059,11,0.647059,6,0.352941,0.000129343,0.00129343
492,19.297,0,0.647059,3,0.176471,11,0.647059,0.00010124,0.0010124
493,19.3344,0,0.176471,2,0.117647,3,0.176471,0.0001,0.000236263
494,19.3631,0,0.411765,7,0.411765,0,0,0.0001,9.02503e-05
495,19.3831,1,0.352941,6,0.352941,3,0.176471,0.0001,0.0003059
496,19.4339,1,0.529412,9,0.529412,2,0.117647,0.0001,0.00013443
497,19.4646,1,0.529412,9,0.529412,1,0.0588235,0.0001,0.000108102
498,19.4969,1,0.352941,6,0.352941,4,0.235294,0.0001,0.000471116
499,19.5243,1,0.529412,9,0.529412,3,0.176471,0.0001,0.000752741
500,19.5825,1,0.647059,10,0.588235,11,0.647059,0.000148438,0.00148438
501,19.6118,1,0.764706,13,0.764706,12,0.705882,0.000140683,0.00140683
502,19.6602,1,0.470588,8,0.470588,7,0.411765,0.0001,0.000807844
503,19.69,0,0.294118,3,0.176471,5,0.294118,0.0001,0.000251019
504,19.7143,0,0.294118,5,0.294118,0,0,0.0001,9.95203e-05
505,19.7551,1,0.529412,9,0.529412,3,0.176471,0.0001,0.000151718
506,19.7842,1,0.294118,5,0.294118,5,0.294118,0.0001,0.000526932
507,19.807,0,0.294118,4,0.235294,5,0.294118,0.0001,0.000658926
508,19.8509,1,0.529412,9,0.529412,6,0.352941,0.0001,0.000854304
509,19.8776,0,0.235294,4,0.235294,4,0.235294,0.0001,0.000235899
510,19.9024,1,0.470588,8,0.470588,4,0.235294,0.0001,0.00036296
511,19.943,1,0.411765,7,0.411765,4,0.235294,0.0001,0.000266835
512,19.9749,1,0.411765,7,0.411765,1,0.0588235,0.000412462,0.00412462
513,19.9987,1,0.352941,6,0.352941,1,0.0588235,0.000808904,0.00808904
514,20.0458,1,0.294118,5,0.294118,2,0.117647,0.00174755,0.0174755
515,20.0705,1,0.470588,8,0.470588,2,0.117647,0.00238073,0.0238073
516,20.109,1,0.411765,7,0.411765,2,0.117647,0.00289033,0.0289033
517,20.1442,1,0.588235,10,0.588235,1,0.0588235,0.0022392,0.022392
518,20.1888,1,0.470588,8,0.470588,4,0.235294,0.000380987,0.00380987
519,20.206,1,0.352941,6,0.352941,6,0.352941,0.000138667,0.00138667
520,20.2414,1,0.470588,8,0.470588,8,0.470588,0.000149503,0.00149503
521,20.2682,1,0.529412,8,0.470588,9,0.529412,0.000135672,0.00135672
522,20.3032,1,0.411765,7,0.411765,4,0.235294,0.00127652,0.0127652
523,20.3617,1,0.470588,8,0.470588,1,0.0588235,0.00277147,0.0277147
524,20.3892,1,0.470588,8,0.470588,2,0.117647,0.00282567,0.0282567
525,20.41,0,0.176471,3,0.176471,2,0.117647,0.00186272,0.0186272
526,20.4649,1,0.411765,7,0.411765,2,0.117647,0.00156581,0.0156581
527,20.492,1,0.470588,8,0.470588,1,0.0588235,0.00128312,0.0128312
528,20.522,1,0.529412,9,0.529412,2,0.117647,0.000734646,0.00734646
529,20.5782,1,0.470588,8,0.470588,6,0.352941,0.0001,0.000574803
530,20.6013,1,0.294118,5,0.294118,4,0.235294,0.0001,0.000754216
531,20.6297,1,0.411765,7,0.411765,5,0.294118,0.0001,0.00072128
532,20.6669,1,0.588235,9,0.529412,10,0.588235,0.00016273,0.0016273
533,20.7018,1,0.529412,9,0.529412,8,0.470588,0.000147971,0.00147971
534,20.7285,1,0.529412,9,0.529412,9,0.529412,0.000110398,0.00110398
535,20.7685,1,0.411765,5,0.294118,7,0.411765,0.0001,0.00098222
536,20.8007,1,0.647059,11,0.647059,3,0.176471,0.0001,0.000875673
537,20.8298,1,0.411765,7,0.411765,4,0.235294,0.000128874,0.00128874
538,20.8685,0,0.294118,1,0.0588235,5,0.294118,0.000100464,0.00100464
539,20.9098,1,0.647059,11,0.647059,7,0.411765,0.0001,0.000609999
540,20.942,1,0.647059,11,0.647059,8,0.470588,0.0001,0.000511011
541,20.9801,0,0.529412,3,0.176471,9,0.529412,0.0001,0.000439091
542,21.0093,1,0.411765,7,0.411765,6,0.352941,0.0001,0.000403557
543,21.0361,1,0.411765,7,0.411765,7,0.411765,0.0001,0.000470196
544,21.0772,1,0.470588,8,0.470588,6,0.352941,0.0001,0.000342202
545,21.1158,1,0.647059,11,0.647059,7,0.411765,0.0001,0.000864127
546,21.1524,1,0.705882,12,0.705882,4,0.235294,0.000171523,0.00171523
547,21.1896,1,0.764706,13,0.764706,6,0.352941,0.000279348,0.00279348
548,21.2404,1,0.529412,9,0.529412,8,0.470588,0.0001,0.000521
549,21.2763,1,0.647059,11,0.647059,5,0.294118,0.0001,0.000568855
550,21.3167,0,0.176471,1,0.0588235,3,0.176471,0.0001,0.000371573
551,21.3731,1,0.411765,7,0.411765,4,0.235294,0.0001,0.000916363
552,21.3952,1,0.470588,8,0.470588,6,0.352941,0.0001069,0.001069
553,21.4181,1,0.411765,6,0.352941,7,0.411765,0.000126489,0.00126489
554,21.446,1,0.588235,10,0.588235,4,0.235294,0.000394693,0.00394693
555,21.4758,1,0.588235,10,0.588235,1,0.0588235,0.00120874,0.0120874
556,21.5133,1,0.764706,13,0.764706,1,0.0588235,0.00192233,0.0192233
557,21.5408,1,0.705882,12,0.705882,1,0.0588235,0.00210803,0.0210803
558,21.574,1,0.352941,6,0.352941,1,0.0588235,0.00127326,0.0127326
559,21.609,1,0.352941,6,0.352941,1,0.0588235,0.00021487,0.0021487
560,21.63,1,0.411765,7,0.411765,6,0.352941,0.0001,0.000920816
561,21.6659,1,0.411765,7,0.411765,4,0.235294,0.0001,0.000443852
562,21.7066,1,0.411765,7,0.411765,3,0.176471,0.000418019,0.00418019
563,21.7244,1,0.470588,8,0.470588,1,0.0588235,0.000527201,0.00527201
564,21.7602,1,0.647059,11,0.647059,3,0.176471,0.000323253,0.00323253
565,21.7987,1,0.588235,10,0.588235,8,0.470588,0.0001,0.000914405
566,21.8276,1,0.647059,6,0.352941,11,0.647059,0.0001,0.000698162
567,21.8512,1,0.588235,10,0.588235,9,0.529412,0.0001,0.000661493
568,21.8904,1,0.588235,7,0.411765,10,0.588235,0.0001,0.000551131
569,21.9195,1,0.588235,5,0.294118,10,0.588235,0.0001,0.000485239
570,21.951,1,0.588235,7,0.411765,10,0.588235,0.0001,0.000785412
571,21.977,1,0.529412,8,0.470588,9,0.529412,0.0001,0.000776111
572,22.0119,1,0.647059,10,0.588235,11,0.647059,0.0001,0.000665784
573,22.0486,1,0.588235,10,0.588235,10,0.588235,0.0001,0.000558198
574,22.0832,1,0.647059,11,0.647059,9,0.529412,0.0001,0.000475181
575,22.1095,0,0.647059,3,0.176471,11,0.647059,0.0001,0.000634015
576,22.151,1,0.705882,12,0.705882,8,0.470588,0.0001,0.000253607
577,22.1981,1,0.411765,5,0.294118,7,0.411765,0.0001,0.000962146
578,22.2341,1,0.823529,14,0.823529,8,0.470588,0.0001,0.000730056
579,22.2583,0,0.294118,4,0.235294,5,0.294118,0.0001,0.000834419
580,22.3073,1,0.294118,5,0.294118,5,0.294118,0.0001,0.000573756
581,22.3259,1,0.470588,8,0.470588,6,0.352941,0.0001,0.000574383
582,22.3593,1,0.705882,7,0.411765,12,0.705882,0.0001,0.000752306
583,22.4026,1,0.529412,9,0.529412,6,0.352941,0.000189219,0.00189219
584,22.4306,1,0.647059,11,0.647059,6,0.352941,0.000168262,0.00168262
585,22.4513,0,0.235294,3,0.176471,4,0.235294,0.000164737,0.00164737
586,22.5027,1,0.470588,8,0.470588,8,0.470588,0.0001,0.000460438
587,22.5418,1,0.647059,8,0.470588,11,0.647059,0.0001,0.00093433
588,22.5709,1,0.764706,13,0.764706,9,0.529412,0.0001,0.000846804
589,22.6039,1,0.647059,11,0.647059,10,0.588235,0.00014541,0.0014541
590,22.6353,1,0.470588,8,0.470588,4,0.235294,0.000264896,0.00264896
591,22.6637,1,0.470588,8,0.470588,6,0.352941,0.000281711,0.00281711
592,22.691,1,0.294118,5,0.294118,4,0.235294,0.000211341,0.00211341
593,22.7369,1,0.705882,12,0.705882,4,0.235294,0.000186834,0.00186834
594,22.7788,1,0.352941,6,0.352941,6,0.352941,0.000215829,0.00215829
595,22.8048,1,0.470588,6,0.352941,8,0.470588,0.000125409,0.00125409
596,22.8332,1,0.647059,8,0.470588,11,0.647059,0.0001,0.0007601
597,22.8679,1,0.882353,11,0.647059,15,0.882353,0.000103128,0.00103128
598,22.8993,1,0.470588,6,0.352941,8,0.470588,0.000239158,0.00239158
599,22.9314,1,0.588235,10,0.588235,9,0.529412,0.000188913,0.00188913
600,22.9568,1,0.588235,10,0.588235,9,0.529412,0.000131428,0.00131428
601,22.9913,1,0.588235,9,0.529412,10,0.588235,0.0001,0.000964281
602,23.046,1,0.647059,10,0.588235,11,0.647059,0.000134176,0.00134176
603,23.0753,1,0.529412,9,0.529412,8,0.470588,0.000232583,0.00232583
604,23.1038,1,0.529412,8,0.470588,9,0.529412,0.000238829,0.00238829
605,23.132,1,0.588235,10,0.588235,10,0.588235,0.00014872,0.0014872
606,23.1669,1,0.588235,5,0.294118,10,0.588235,0.000101368,0.00101368
607,23.201,1,0.647059,10,0.588235,11,0.647059,0.0001,0.000956285
608,23.2429,1,0.588235,10,0.588235,7,0.411765,0.000204896,0.00204896
609,23.2733,1,0.588235,7,0.411765,10,0.588235,0.000229053,0.00229053
610,23.3087,1,0.588235,10,0.588235,10,0.588235,0.000227818,0.00227818
611,23.3377,1,0.588235,10,0.588235,10,0.588235,0.000246541,0.00246541
612,23.3757,1,0.588235,7,0.411765,10,0.588235,0.000252659,0.00252659
613,23.4077,1,0.529412,9,0.529412,7,0.411765,0.000423333,0.00423333
614,23.4435,1,0.705882,12,0.705882,7,0.411765,0.000354943,0.00354943
615,23.4675,1,0.588235,10,0.588235,9,0.529412,0.000251589,0.00251589
616,23.5015,1,0.705882,7,0.411765,12,0.705882,0.000176913,0.00176913
617,23.5343,1,0.647059,11,0.647059,7,0.411765,0.000406488,0.00406488
618,23.5689,1,0.529412,9,0.529412,8,0.470588,0.000462431,0.00462431
619,23.6084,1,0.705882,12,0.705882,9,0.529412,0.000299741,0.00299741
620,23.6515,1,0.647059,5,0.294118,11,0.647059,0.000337707,0.00337707
621,23.6718,1,0.764706,13,0.764706,10,0.588235,0.000289931,0.00289931
622,23.7062,1,0.647059,5,0.294118,11,0.647059,0.000206022,0.00206022
623,23.7351,1,0.647059,9,0.529412,11,0.647059,0.000245556,0.00245556
624,23.7645,1,0.705882,10,0.588235,12,0.705882,0.000248299,0.00248299
625,23.7981,0,0.647059,4,0.235294,11,0.647059,0.000226247,0.00226247
