frame,2.0481,2.0955,2.1215,2.1473,2.1746,2.3170,2.3439,2.3658,2.3981,2.4278,2.4686,2.5027,2.5384,2.5858,2.6172,2.6490,2.6774,2.7012,2.7353,2.7638,2.8059,2.8339,2.8743,2.9220,2.9560,2.9885,3.0156,3.0634,3.1130,3.1379,3.1631,3.1895,3.2261,3.2501,3.2967,3.3878,3.4122,3.4519,3.4838,3.5116,3.5406,3.5754,3.6150,3.6417,3.6613,3.7060,3.7422,3.7793,3.8058,3.8380,3.8753,3.9157,3.9485,3.9838,4.0111,4.0518,4.0801,4.1146,4.1424,4.1786,4.2134,4.2472,4.2872,4.3064,4.3653,4.4045,4.4327,4.4761,4.5091,4.5321,4.5727,4.6017,4.6343,4.6735,4.7191,4.7440,4.7735,4.8000,4.8491,4.8680,4.8999,4.9357,4.9669,4.9966,5.0238,5.0643,5.0847,5.1278,5.1607,5.1889,5.2216,5.2483,5.2938,5.3292,5.3586,5.3902,5.4255,5.4685,5.4991,5.5538,5.5845,5.6117,5.6597,5.6887,5.7227,5.7669,5.8057,5.8404,5.8754,5.9152,5.9540,5.9941,6.0269,6.0494,6.0961,6.1355,6.1656,6.2044,6.2312,6.2620,6.3000,6.3258,6.3529,6.3815,6.4349,6.4505,6.4877,6.5210,6.5454,6.5893,6.6195,6.6504,6.6631,6.6980,6.7464,6.7745,6.7928,6.8244,6.8630,6.8883,6.9334,6.9671,6.9986,7.0391,7.0643,7.1004,7.1251,7.1621,7.2240,7.2605,7.3076,7.3385,7.3737,7.3967,7.4391,7.4573,7.4887,7.5451,7.5834,7.5997,7.6465,7.6785,7.7140,7.7429,7.7985,7.8221,7.8543,7.8998,7.9165,7.9634,8.0065,8.0415,8.0611,8.1067,8.1307,8.1685,8.1930,8.2242,8.2533,8.2809,8.3238,8.3458,8.3743,8.4203,8.4407,8.4785,8.5012,8.5475,8.5729,8.6056,8.6419,8.6744,8.6987,8.7297,8.7674,8.8037,8.8403,8.8700,8.8921,8.9243,8.9622,8.9902,9.0460,9.0744,9.1023,9.1305,9.1709,9.1999,9.2374,9.2713,9.3066,9.3385,9.3694,9.3953,9.4339,9.4501,9.4810,9.5136,9.5604,9.5925,9.6332,9.6704,9.7029,9.7403,9.7661,9.8073,9.8294,9.8743,9.9178,9.9434,9.9856,10.0138,10.0552,10.0823,10.1017,10.1367,10.1684,10.2066,10.2435,10.2820,10.3281,10.3644,10.4356,10.4766,10.5158,10.5580,10.6088,10.6469,10.6731,10.7041,10.7336,10.7624,10.8170,10.8415,10.8839,10.9048,10.9565,10.9911,11.0332,11.0711,11.0966,11.1262,11.1501,11.2004,11.2457,11.2915,11.3240,11.3634,11.3970,11.4424,11.4588,11.4993,11.5281,11.5565,11.5849,11.6322,11.6640,11.7107,11.7532,11.7782,11.8076,11.8379,11.8802,11.9299,11.9671,12.0048,12.0308,12.0628,12.0938,12.1417,12.1718,12.2021,12.2488,12.2806,12.3121,12.3415,12.3642,12.3989,12.4354,12.4572,12.4846,12.5171,12.5522,12.5937,12.6409,12.6698,12.6927,12.7337,12.7620,12.7991,12.8318,12.8572,12.8984,12.9140,12.9537,12.9845,13.0250,13.0569,13.0873,13.1267,13.1738,13.2085,13.2268,13.2686,13.3120,13.3518,13.3848,13.4103,13.4511,13.4949,13.5473,13.5774,13.6246,13.6550,13.6878,13.7270,13.7696,13.8148,13.8284,13.8601,13.9230,13.9506,13.9984,14.0309,14.0614,14.0931,14.1355,14.1748,14.1965,14.2468,14.2881,14.3284,14.3768,14.4031,14.4606,14.4866,14.5253,14.5434,14.5898,14.6076,14.6457,14.6846,14.7050,14.7468,14.7678,14.8111,14.8569,14.8745,14.9073,14.9534,14.9924,15.0218,15.0583,15.0895,15.1290,15.1441,15.1827,15.2243,15.2602,15.3101,15.3341,15.3747,15.4154,15.4505,15.5053,15.5543,15.5754,15.6206,15.6652,15.7180,15.7443,15.7949,15.8196,15.8557,15.9024,15.9350,15.9743,16.0158,16.0520,16.0909,16.1297,16.1631,16.1955,16.2249,16.2724,16.3083,16.3400,16.3804,16.4204,16.4503,16.4949,16.5347,16.5590,16.5983,16.6183,16.6492,16.6930,16.7227,16.7445,16.7791,16.8353,16.8533,16.8831,16.9205,16.9645,17.0065,17.0481,17.0942,17.1089,17.1369,17.1819,17.2211,17.2661,17.3094,17.3258,17.3570,17.3796,17.4206,17.4491,17.4735,17.5038,17.5345,17.5789,17.6132,17.6516,17.6781,17.7361,17.7688,17.7951,17.8209,17.8785,17.9181,17.9501,17.9858,18.0387,18.0918,18.1182,18.1503,18.1944,18.2252,18.2633,18.3065,18.3239,18.3747,18.4013,18.4404,18.4698,18.5009,18.5382,18.5654,18.6014,18.6241,18.6638,18.6912,18.7334,18.7498,18.7799,18.8174,18.8504,18.8802,18.9180,18.9464,18.9895,19.0301,19.0743,19.1021,19.1391,19.1711,19.1982,19.2321,19.2640,19.2970,19.3344,19.3631,19.3831,19.4339,19.4646,19.4969,19.5243,19.5825,19.6118,19.6602,19.6900,19.7143,19.7551,19.7842,19.8070,19.8509,19.8776,19.9024,19.9430,19.9749,19.9987,20.0458,20.0705,20.1090,20.1442,20.1888,20.2060,20.2414,20.2682,20.3032,20.3617,20.3892,20.4100,20.4649,20.4920,20.5220,20.5782,20.6013,20.6297,20.6669,20.7018,20.7285,20.7685,20.8007,20.8298,20.8685,20.9098,20.9420,20.9801,21.0093,21.0361,21.0772,21.1158,21.1524,21.1896,21.2404,21.2763,21.3167,21.3731,21.3952,21.4181,21.4460,21.4758,21.5133,21.5408,21.5740,21.6090,21.6300,21.6659,21.7066,21.7244,21.7602,21.7987,21.8276,21.8512,21.8904,21.9195,21.9510,21.9770,22.0119,22.0486,22.0832,22.1095,22.1510,22.1981,22.2341,22.2583,22.3073,22.3259,22.3593,22.4026,22.4306,22.4513,22.5027,22.5418,22.5709,22.6039,22.6353,22.6637,22.6910,22.7369,22.7788,22.8048,22.8332,22.8679,22.8993,22.9314,22.9568,22.9913,23.0460,23.0753,23.1038,23.1320,23.1669,23.2010,23.2429,23.2733,23.3087,23.3377,23.3757,23.4077,23.4435,23.4675,23.5015,23.5343,23.5689,23.6084,23.6515,23.6718,23.7062,23.7351,23.7645,23.7981
0.7GPa,0,0,0,0,0,0,0,0,0,0,0,0,0,0,0,0,0,0,0,1,0,0,1,1,0,0,0,1,1,1,1,0,0,1,0,1,1,0,0,1,1,1,1,0,0,1,0,0,0,1,0,1,0,1,1,0,0,1,0,0,1,1,0,1,0,0,0,1,0,0,1,0,1,1,0,1,1,0,1,0,1,1,1,1,0,0,0,0,1,0,0,1,1,1,1,0,0,1,0,1,0,1,0,1,0,0,0,1,0,0,1,0,0,0,0,0,0,0,0,0,1,0,0,0,1,0,0,0,0,0,0,0,0,0,0,1,0,0,0,0,1,0,1,1,0,0,1,0,1,0,1,1,0,0,1,0,0,1,0,1,1,1,1,0,0,1,0,0,0,1,1,0,0,1,1,1,0,0,0,0,1,0,0,0,0,1,0,0,0,0,0,1,0,0,0,0,0,0,1,0,0,0,0,0,0,0,0,0,0,0,0,0,0,1,0,0,0,0,0,1,0,1,0,0,0,0,0,0,1,0,0,0,0,0,0,0,1,0,1,1,0,1,1,1,0,0,1,0,0,0,0,0,1,0,1,0,0,0,0,0,1,0,1,0,0,0,0,0,0,0,1,0,0,0,0,0,0,1,1,0,0,0,1,0,1,0,0,0,1,0,0,0,0,1,0,0,0,1,1,1,0,1,0,1,0,1,0,0,1,0,1,1,1,0,0,0,0,1,0,1,1,0,1,1,0,1,0,1,0,0,1,0,0,0,1,1,0,0,0,1,0,1,1,1,1,0,1,0,1,0,0,0,1,0,0,0,0,0,0,0,1,0,0,1,0,0,1,0,0,0,0,1,0,0,0,1,0,1,0,1,0,1,1,0,0,0,1,0,1,1,0,0,1,0,0,1,1,0,1,0,0,0,0,1,0,0,0,0,0,1,0,1,0,0,1,0,1,0,0,1,0,1,0,0,0,1,1,0,0,0,0,1,1,0,0,1,1,0,0,1,0,0,0,1,1,1,1,1,0,0,1,1,0,1,0,1,0,1,1,0,1,0,0,0,0,1,0,0,0,1,0,0,1,0,0,1,0,0,1,0,1,1,0,1,1,1,0,0,0,1,1,1,0,0,0,1,1,1,0,1,0,1,0,0,0,1,1,1,1,1,1,0,1,0,1,0,0,0,1,1,1,0,0,1,0,0,1,0,1,0,0,0,1,1,0,1,0,0,1,1,0,1,0,1,0,0,1,1,1,0,0,0,1,0,0,1,0,0,1,0,0,1,0,1,0,0,0,0,0,1,0,1,1,0,0,1,0,1,0,0,1,0,1,1,0,1,0,0,0,0,0,1,0,1,0,0,1,0,1,1,1,1,0,1,0,0,0,1,1,1,0,0,0,1,1,0,1,0,1,0,1,0,0,1,0
1GPa,0,0,0,1,0,0,1,1,1,1,0,1,0,1,0,1,1,1,1,0,0,0,1,0,0,1,0,0,0,1,1,0,1,1,0,1,1,1,0,1,1,1,0,1,1,0,1,1,1,0,0,1,1,0,0,0,1,1,1,0,0,1,1,0,1,0,0,1,1,0,1,0,1,1,0,0,1,1,0,1,1,1,1,1,0,0,0,1,1,1,1,0,1,1,1,0,0,0,1,0,1,1,1,0,0,0,1,0,0,1,0,0,1,1,1,1,0,0,1,0,0,1,0,0,1,1,1,0,1,1,1,0,1,0,0,0,0,0,1,0,0,0,1,0,0,0,1,0,0,0,1,1,0,0,0,0,1,0,1,1,1,1,0,0,1,0,0,1,0,0,1,1,0,0,0,1,0,1,1,1,1,0,0,0,0,0,0,0,1,1,0,1,1,0,0,1,0,0,1,1,1,0,1,0,1,0,0,0,0,1,0,0,1,0,0,0,1,0,0,0,0,1,0,1,0,1,1,1,0,0,0,0,0,0,0,0,1,1,0,1,0,0,0,0,1,0,1,0,0,1,1,0,0,0,1,0,0,1,1,0,0,0,0,0,0,1,1,0,0,0,0,0,0,1,0,0,0,0,1,1,0,1,0,1,0,0,1,0,0,1,1,0,0,0,1,0,1,0,1,1,1,0,1,1,0,1,0,1,0,0,0,0,1,0,0,0,0,1,0,0,0,0,0,1,0,1,1,0,0,1,0,1,0,1,1,1,1,0,0,0,0,1,0,1,0,0,1,0,0,1,1,0,0,0,1,1,0,0,0,1,0,0,0,1,1,1,1,0,0,0,0,1,1,0,0,1,1,0,0,1,1,1,1,0,0,0,0,1,0,0,0,0,1,0,1,1,0,0,1,0,1,1,0,0,0,0,0,1,0,0,0,0,0,1,0,1,1,1,1,0,0,0,0,1,0,0,1,0,0,0,0,1,1,1,0,0,0,0,0,1,1,0,0,0,0,0,0,0,1,1,0,0,0,1,1,0,0,0,1,1,0,0,1,0,0,1,1,0,0,0,0,0,0,1,1,0,0,1,0,0,1,1,0,1,1,0,0,1,0,1,1,0,0,0,0,1,0,1,0,0,1,0,0,0,1,0,0,0,0,0,0,0,0,1,1,0,0,0,0,0,1,1,1,1,1,0,1,1,0,0,0,1,1,1,0,1,0,0,1,1,0,0,0,0,0,1,1,0,0,0,1,0,1,0,1,1,0,1,1,0,1,0,1,0,0,1,1,0,1,0,0,0,1,1,0,0,0,1,1,1,1,0,1,1,0,1,1,1,1,0,0,0,1,0,0,0,1,1,1,1,0,1,1,0,0,0,1,1,1,0,1,1,0,1,1,0,1,0,1,1,1,0,0,0,0
1.3GPa,0,0,0,0,0,0,0,0,0,0,0,0,0,0,0,0,0,0,0,0,0,0,1,1,1,0,1,0,0,1,0,1,0,0,0,1,1,0,0,1,1,0,0,0,0,1,0,0,1,1,0,0,0,1,0,1,0,0,0,1,1,0,1,0,1,0,0,1,1,0,0,1,1,1,1,0,0,0,0,1,1,0,1,0,0,1,0,0,0,1,0,0,0,1,1,0,0,1,1,0,1,0,1,1,0,1,0,0,0,0,0,0,0,0,0,0,0,0,0,0,0,1,0,0,0,0,0,0,0,0,0,0,0,0,0,0,0,0,0,1,0,0,1,0,0,0,0,1,1,0,1,0,0,0,0,1,0,0,0,1,0,0,1,1,0,0,1,0,1,0,0,0,1,0,0,0,1,0,1,0,0,0,0,0,0,1,0,0,0,0,0,0,0,0,0,0,0,0,0,1,0,0,0,0,0,0,0,0,0,0,1,0,0,1,0,0,0,0,0,1,0,0,1,0,0,0,0,0,0,1,0,0,0,0,0,0,1,0,0,0,0,0,0,0,0,0,1,0,0,0,0,0,1,0,0,1,0,0,0,0,0,0,1,0,0,0,0,0,0,0,0,1,0,0,0,0,0,1,0,0,1,0,0,1,0,1,0,0,1,0,1,0,0,1,0,0,0,0,0,0,1,1,1,0,1,0,0,0,0,0,1,0,0,1,0,0,0,0,0,0,0,1,0,1,1,1,1,0,0,1,1,0,1,0,0,0,1,0,0,0,0,0,0,1,0,1,1,0,1,0,0,0,0,0,0,1,0,0,0,1,0,0,1,0,0,1,0,1,0,0,0,0,1,0,0,0,0,1,0,0,0,0,1,0,1,0,0,0,0,1,0,1,0,0,0,1,0,1,0,0,0,0,0,0,1,0,0,0,0,0,0,1,0,0,0,1,0,0,1,1,1,0,0,1,1,1,0,0,0,0,1,1,1,1,0,0,0,1,0,1,0,0,0,1,0,1,1,0,0,0,0,1,0,0,1,0,0,1,0,0,0,1,0,0,0,1,0,0,0,0,0,1,0,0,1,1,0,1,0,0,1,0,1,1,1,1,0,0,0,1,1,0,0,1,0,0,1,0,0,0,1,1,0,0,1,0,0,1,1,0,0,0,1,1,1,0,0,1,0,1,0,1,0,1,0,1,0,1,0,0,1,1,0,1,0,0,0,0,1,0,1,0,0,1,1,1,1,0,1,0,1,0,1,1,0,1,1,1,0,0,1,1,1,1,1,0,0,0,1,1,0,1,0,0,0,1,1,1,0,0,1,0,0,1,0,0,0,1,1,1,0,0,0,1,0,0,1,0,0,1,1,0,1,0,1,0,1,1,0,1,0,0,0,1,0,0,1,0,1,0,1,0,1,0,0
1.5GPa,0,1,1,0,0,0,1,1,1,1,0,0,0,1,1,0,1,0,1,1,0,0,0,1,1,0,1,1,0,0,0,0,1,0,0,1,1,1,0,1,1,1,0,1,1,1,0,1,1,1,0,0,1,0,0,1,0,1,1,0,0,0,0,0,1,0,0,1,1,0,0,1,1,1,0,1,1,1,0,0,0,1,1,0,0,1,1,0,0,0,0,0,1,1,1,1,0,0,1,0,1,0,0,1,0,0,1,0,0,0,0,1,1,1,1,1,1,0,0,1,1,0,0,1,0,1,1,1,0,0,1,1,0,0,0,0,0,0,1,1,0,0,0,1,0,0,0,1,0,0,1,1,1,0,0,1,0,0,1,1,0,0,1,0,1,1,0,0,0,0,0,1,1,0,0,0,0,1,1,0,0,1,0,0,0,0,0,0,0,0,1,0,0,0,0,0,0,1,1,0,1,0,0,0,1,1,0,0,0,0,1,0,0,1,0,0,0,1,0,1,0,0,1,1,0,1,0,1,1,1,0,0,1,0,0,0,1,1,0,0,1,0,0,0,0,1,1,0,0,0,1,1,0,0,0,1,0,0,1,0,0,0,0,0,0,0,1,1,0,0,0,0,0,0,0,0,0,0,0,1,1,0,0,0,0,0,1,1,0,0,1,0,1,0,0,1,0,0,0,1,0,0,1,1,1,1,1,0,0,0,0,0,1,1,0,0,0,0,0,0,1,1,0,0,1,0,0,1,0,0,0,0,1,0,0,0,1,1,0,1,0,0,0,0,1,1,0,0,0,1,0,0,0,1,0,0,1,0,0,0,0,1,0,0,0,0,1,1,0,0,0,1,1,0,0,0,0,1,0,0,0,0,1,0,0,0,0,0,1,0,0,0,0,1,1,1,0,1,0,1,0,1,1,1,0,0,1,0,1,0,0,0,0,1,0,0,0,1,1,0,0,0,0,0,1,0,0,1,1,0,0,0,1,0,0,0,0,0,0,0,1,0,0,0,0,0,1,0,0,0,1,0,0,1,0,1,0,0,0,0,1,0,0,0,1,1,1,1,0,0,0,1,0,0,0,1,1,0,0,0,1,1,1,1,0,0,1,0,0,1,1,0,0,0,1,1,1,0,1,0,1,0,0,1,1,0,0,1,0,1,0,0,0,0,0,1,0,0,0,0,0,1,1,0,1,0,1,1,1,1,0,0,1,1,0,1,1,0,1,1,0,0,1,0,0,1,1,1,1,0,1,0,0,1,1,0,1,1,1,1,0,1,0,0,0,1,1,1,0,1,1,0,0,1,0,1,1,1,0,1,0,0,0,1,0,1,1,0,1,1,1,0,0,0,1,0,0,0,1,1,0,1,0,0,1,1,0,1,0,0,0,1,1,1,1,0,0,0,1,0,1,1,1,0,0
2.3GPa,0,1,0,1,1,0,1,1,1,0,1,0,0,0,1,1,0,1,1,0,0,0,0,1,0,0,0,0,1,1,0,0,0,1,0,1,1,1,0,0,1,1,0,1,0,1,0,1,1,1,0,1,0,0,0,1,1,0,1,1,1,0,0,0,1,0,0,0,1,0,1,0,0,1,0,1,1,1,1,1,0,0,1,0,1,1,0,0,0,0,1,1,0,1,1,1,1,0,1,0,1,1,1,0,0,0,0,1,0,0,0,0,1,1,0,1,0,0,0,1,1,1,0,0,1,1,1,1,1,1,0,1,0,1,0,0,0,0,0,1,1,0,1,0,0,0,0,1,0,0,1,1,1,0,0,1,0,1,0,0,1,0,0,0,0,0,1,0,0,0,0,0,1,1,0,1,0,0,0,1,1,0,0,0,0,1,0,1,0,0,0,0,1,1,1,0,1,0,0,0,1,1,0,0,1,0,1,1,0,0,0,0,0,0,1,1,0,0,0,0,0,0,0,1,0,1,1,0,0,0,1,1,0,0,1,0,0,1,1,1,1,0,1,0,0,0,1,1,0,0,0,0,1,0,0,0,0,0,0,1,1,0,0,0,1,0,0,0,1,0,0,0,0,0,0,1,0,0,0,0,0,1,0,0,0,0,0,1,0,1,1,1,0,0,1,0,0,1,0,0,1,0,1,0,1,1,1,0,0,1,0,0,0,0,0,1,0,0,1,0,1,0,0,0,0,1,1,0,0,1,0,0,0,0,1,1,0,0,0,1,0,1,0,0,0,0,1,0,1,0,1,0,0,0,1,0,0,0,1,1,1,0,0,0,0,0,0,0,0,1,0,0,1,0,1,0,0,1,0,1,0,1,1,1,0,1,0,1,0,0,1,0,0,0,0,0,1,1,1,0,1,0,1,0,1,0,0,0,0,1,0,0,0,1,1,1,0,0,0,1,1,1,1,1,0,0,0,1,0,1,1,0,0,0,0,0,0,0,1,1,0,0,0,0,0,0,0,0,1,1,0,0,1,0,1,1,0,0,1,0,0,0,1,1,0,1,1,0,1,1,1,0,0,0,0,1,1,0,0,0,0,1,1,1,1,1,0,1,0,0,0,0,0,0,0,0,0,0,1,1,1,1,1,0,1,0,0,1,0,0,0,1,1,0,1,1,1,1,0,0,0,0,1,1,0,0,1,1,1,0,0,0,0,0,1,1,0,0,0,0,0,0,1,1,0,1,1,1,1,0,1,0,0,1,0,0,1,0,0,1,0,0,1,1,1,1,0,1,1,0,1,1,1,0,0,1,0,1,0,0,1,1,1,0,0,0,0,1,0,0,0,0,1,0,0,0,1,1,0,1,0,0,0,1,1,1,0,0,1,0,1,1,0,0,0,1,1,0,1,0,0,1,1,1,0
2.4GPa_decomp,0,0,1,1,0,1,1,0,0,0,0,0,0,1,1,0,1,1,1,0,0,0,1,0,0,1,1,1,1,0,0,1,0,0,0,1,1,1,1,0,0,1,0,0,1,1,1,1,1,1,0,0,0,0,0,0,0,1,0,0,0,0,1,0,0,0,0,1,0,0,0,1,1,0,0,1,0,0,1,1,1,1,0,0,0,1,0,0,0,1,1,0,1,0,0,0,1,0,0,0,1,1,0,0,0,1,0,1,1,0,0,1,0,0,1,1,0,1,1,0,1,1,1,0,0,0,0,0,0,1,1,1,0,0,0,0,0,0,1,0,1,1,1,0,0,0,1,0,1,0,1,0,0,0,1,1,0,0,1,1,0,0,0,0,1,1,1,0,0,1,0,0,0,1,0,0,1,1,1,1,0,0,0,0,0,0,0,0,0,0,0,1,1,1,0,0,0,0,0,0,0,0,0,0,0,0,0,0,0,0,0,1,1,0,0,0,0,0,0,0,0,0,0,0,0,0,1,1,1,0,1,0,0,0,0,0,0,0,0,0,0,1,0,0,0,0,0,1,1,0,0,0,0,0,0,0,0,1,1,1,1,1,0,0,0,0,0,0,0,0,0,0,0,0,0,0,0,0,0,0,0,0,0,0,0,0,0,0,0,1,0,0,0,0,0,0,0,0,0,0,0,0,0,0,0,0,0,0,0,0,0,0,0,0,0,0,0,0,0,0,1,1,1,0,0,0,0,0,0,0,0,0,0,0,0,0,0,0,0,0,0,1,0,0,1,0,1,0,0,0,0,0,0,0,0,0,1,1,0,0,0,0,0,0,0,0,0,0,0,0,0,0,0,1,1,0,0,0,0,0,0,0,0,0,0,0,0,0,0,0,0,0,0,0,0,0,1,0,0,0,0,0,0,0,1,0,0,0,0,0,0,0,0,0,1,0,0,0,0,0,0,0,0,1,0,0,0,0,0,0,0,0,1,0,0,0,0,0,0,0,0,0,0,0,0,0,0,0,1,0,0,0,0,0,0,0,0,0,0,0,0,0,0,0,0,0,1,1,0,0,0,0,0,0,0,0,0,0,0,0,0,0,0,0,0,0,0,0,0,0,0,0,0,0,0,0,0,0,1,0,0,0,0,0,0,0,1,0,0,0,0,0,0,0,0,0,1,0,1,1,0,1,0,0,0,0,0,0,0,0,1,1,1,1,0,0,0,0,0,0,0,1,0,0,1,1,1,0,1,0,0,1,1,0,1,1,1,0,0,0,1,1,0,0,1,1,1,0,1,0,0,1,1,1,0,0,0,1,1,0,1,0,0,1,0,0,0,0,1,1,1,0,1,0,0,1,0,1,1,1,0,1,1,1,1,1,0,0,0,0,1,0,1,1,0,0,1,1,1,1,0,0,1,0,0
3.9GPa,1,0,1,0,0,0,1,1,1,0,1,1,0,0,1,0,1,1,1,0,0,0,0,0,1,0,0,0,1,0,0,0,1,0,0,1,1,1,0,1,1,0,0,1,0,1,1,1,1,1,0,0,0,0,0,1,0,0,0,1,1,0,0,0,1,0,0,0,1,1,1,0,0,0,1,0,0,1,1,1,0,1,1,0,0,1,1,0,0,1,0,0,0,0,1,0,0,0,1,0,0,0,1,0,0,1,0,0,1,0,0,1,0,0,0,0,1,1,1,1,1,0,0,0,0,0,1,0,1,0,0,0,1,0,1,0,0,0,1,1,0,1,1,0,0,0,1,0,0,1,0,0,1,1,1,1,0,0,0,1,0,1,1,0,1,0,0,1,1,0,0,1,0,0,1,1,0,0,1,0,0,1,1,0,1,0,0,0,0,1,0,0,0,1,0,0,1,1,0,0,0,0,1,1,0,0,0,0,1,0,0,0,0,0,1,0,0,1,0,0,1,0,0,1,1,1,1,1,0,0,0,1,1,0,0,1,1,0,0,0,1,0,0,0,0,0,1,1,1,0,0,0,1,0,1,0,0,0,1,0,0,0,1,1,0,0,1,0,0,0,1,1,1,0,0,0,0,1,0,0,1,0,0,1,1,0,1,0,1,0,0,0,0,1,1,1,0,0,0,1,1,1,0,1,0,0,1,1,0,1,1,0,0,1,1,0,0,0,1,0,1,0,0,0,1,1,0,0,1,0,0,1,0,0,0,1,0,0,0,1,1,1,0,0,0,0,0,0,0,1,0,0,0,0,0,1,0,0,1,0,1,0,1,1,0,0,0,1,0,0,1,0,1,0,0,0,0,0,0,1,0,0,1,1,0,0,0,1,1,1,0,0,0,1,0,0,0,0,1,0,1,1,0,0,1,0,0,0,1,0,0,0,0,0,0,1,0,1,1,0,0,1,0,1,1,1,0,0,0,0,1,0,0,1,1,0,0,0,0,0,1,0,0,0,0,0,1,0,0,0,0,0,1,0,1,0,0,1,1,0,0,1,0,0,0,0,0,1,0,0,0,0,0,0,1,0,0,0,0,1,0,1,0,0,1,0,1,1,0,1,1,0,0,1,0,0,1,0,0,0,1,0,0,0,1,1,0,1,0,0,1,0,0,0,0,0,1,0,0,0,0,0,1,0,0,0,0,0,0,0,1,1,0,0,1,1,0,0,1,1,0,0,0,1,1,1,0,1,1,0,1,0,0,0,1,1,1,0,0,1,0,1,0,0,0,0,1,1,0,1,1,0,0,1,0,1,0,1,0,0,1,0,1,1,0,0,1,1,1,1,0,0,0,1,1,1,1,1,1,1,1,0,0,0,1,0,1,1,0,1,0,0,1,1,0,0,1,0,0,0,1,0,0,1,1
5GPa,0,0,1,0,0,1,1,1,1,1,1,1,0,0,0,1,0,1,1,0,0,0,1,0,1,1,0,0,1,0,0,0,1,0,0,1,1,0,1,0,1,0,0,1,1,0,1,1,1,1,0,0,1,0,1,0,0,0,0,1,1,0,1,0,0,0,0,0,1,0,0,1,0,1,1,1,0,0,0,1,1,1,1,0,0,1,0,0,0,1,0,0,1,0,0,1,0,0,1,1,1,1,1,1,0,0,0,0,0,1,0,0,0,0,0,1,1,1,0,0,0,1,1,1,0,0,0,1,1,1,0,0,0,1,0,1,1,0,0,0,0,1,1,0,0,0,1,0,1,0,1,1,1,1,1,1,0,0,1,0,0,1,1,1,0,0,0,0,0,1,0,0,0,0,0,1,1,1,0,1,0,1,0,1,0,0,0,0,1,0,0,0,0,0,1,1,1,1,1,1,0,1,1,1,0,0,0,0,0,0,1,0,1,0,0,0,0,0,1,0,0,0,0,0,0,1,1,0,0,0,0,0,1,1,1,0,0,0,0,0,1,1,0,0,0,0,0,1,1,1,0,0,0,0,0,1,1,1,0,1,1,0,0,1,0,0,0,0,0,0,0,0,1,1,0,0,1,1,1,0,0,0,0,0,1,1,0,0,0,1,0,0,1,1,1,1,0,0,1,0,1,0,0,0,1,0,1,0,0,1,0,0,1,0,0,1,0,0,0,1,1,0,0,0,0,0,0,0,0,0,0,0,1,0,0,0,0,0,0,1,0,0,0,1,0,0,1,0,0,0,0,1,1,0,1,0,0,1,0,1,0,0,0,1,1,0,0,0,0,0,0,0,1,1,0,0,0,0,0,0,1,0,0,0,1,0,0,0,1,0,1,0,0,0,0,1,0,0,0,0,1,0,1,0,0,0,1,0,0,0,1,0,0,0,0,0,1,0,0,0,0,0,0,0,0,1,1,1,0,0,0,0,0,0,0,1,0,0,0,0,0,0,1,0,0,0,0,1,1,1,1,0,0,1,0,0,0,0,1,1,1,0,1,0,0,0,1,1,1,0,1,0,0,1,0,0,1,1,1,1,0,1,1,0,0,1,1,0,1,0,1,1,1,0,1,0,0,0,1,1,1,0,0,0,0,0,0,1,0,0,1,1,1,1,0,0,1,0,0,1,0,0,0,0,0,1,0,0,0,0,0,1,1,1,1,1,0,0,0,1,0,0,0,1,1,1,0,0,1,0,0,1,0,0,1,1,1,1,1,1,0,0,0,1,1,0,0,1,0,0,0,1,1,1,0,1,1,1,0,0,0,1,0,1,1,0,0,1,1,1,1,0,1,0,1,1,0,0,1,0,0,1,1,0,0,0,0,1,1,1,1,0,1,0,0,1,1,1,1,0,0,0,0,0,0
6.2GPa,1,0,1,0,0,0,1,1,1,0,1,0,0,1,0,0,1,1,1,1,0,0,1,1,1,1,1,0,0,0,0,1,1,0,0,1,1,1,0,1,0,0,1,0,0,0,0,1,1,1,0,0,1,0,1,1,0,0,0,0,1,1,0,0,0,0,0,1,0,0,1,1,0,0,0,1,1,0,0,1,0,0,1,0,1,0,1,0,0,1,0,1,0,0,0,1,1,0,0,0,1,1,1,1,0,0,1,0,0,1,0,0,0,0,1,0,0,1,0,1,1,0,0,0,1,1,1,0,1,1,0,0,0,0,1,0,1,1,0,1,0,1,1,1,0,0,0,0,0,0,0,0,0,1,1,1,0,0,0,0,0,1,1,1,0,0,0,0,0,1,0,0,0,1,0,0,1,1,0,0,1,0,0,1,1,0,0,0,0,0,1,0,0,0,1,1,1,0,0,1,0,0,1,1,1,1,1,0,0,0,0,1,1,0,0,0,0,0,0,1,0,0,0,0,0,1,1,0,1,1,0,0,0,0,1,1,0,0,0,0,0,1,1,0,0,0,1,1,1,1,1,0,0,1,0,0,1,1,0,0,0,1,0,0,1,0,0,0,0,1,1,0,0,1,1,0,0,0,1,0,0,0,1,0,0,1,1,0,0,0,0,1,0,0,1,1,0,1,1,0,1,0,0,0,1,1,0,0,0,0,1,1,0,0,0,0,1,0,0,0,1,1,0,0,1,0,0,1,0,0,0,0,0,0,1,0,0,0,0,0,1,0,0,0,1,1,1,0,1,0,0,0,1,0,0,1,0,1,0,0,0,0,0,0,0,1,0,0,0,0,0,0,0,0,1,1,0,0,0,0,0,0,0,0,0,1,1,0,0,1,0,1,0,0,0,0,1,0,0,0,0,0,0,0,1,1,1,1,0,0,0,1,1,0,0,0,0,0,1,0,0,1,1,0,0,1,0,0,0,0,0,0,0,0,0,0,0,1,0,0,0,0,0,0,1,0,0,0,0,1,1,1,0,0,0,1,0,0,0,1,0,1,1,0,0,0,0,1,0,1,1,1,0,0,0,0,0,0,1,1,1,1,0,1,0,0,0,0,1,0,1,0,0,1,0,1,1,0,0,1,0,0,1,1,0,1,0,0,0,0,1,0,0,0,0,1,1,1,1,0,0,0,0,0,0,1,1,1,0,0,0,0,1,0,0,1,0,0,1,1,0,1,0,1,1,1,1,1,0,0,1,0,0,1,1,1,1,0,0,1,1,1,1,0,0,1,1,0,0,0,1,1,1,0,1,1,1,1,1,0,0,0,1,0,0,1,1,1,1,0,0,1,1,0,0,0,1,1,1,1,0,0,1,1,0,0,1,0,0,1,1,1,1,1,1,1,1,0,0,1,1,0,0,1,1
6.6GPa,0,0,0,0,0,0,0,0,0,0,0,0,0,0,0,0,0,0,0,1,0,1,1,0,0,0,0,1,1,1,1,0,1,0,1,1,0,1,0,0,1,0,0,1,0,0,1,0,1,0,0,1,1,0,1,0,1,0,1,0,0,0,0,1,0,0,0,1,0,0,0,0,1,0,0,1,1,1,0,1,0,0,0,1,1,1,0,0,1,0,0,0,1,1,0,0,1,0,0,1,0,0,0,1,0,0,0,1,0,0,0,1,0,0,0,0,0,0,0,0,0,0,0,0,1,1,0,0,0,0,1,0,1,0,0,0,0,0,0,0,0,0,0,1,0,0,0,1,1,0,0,0,1,0,1,0,0,0,0,0,1,1,0,0,0,0,0,1,0,1,0,1,1,1,1,0,0,0,1,0,0,0,0,1,0,0,0,0,0,0,0,0,0,0,0,0,0,0,0,0,0,0,1,0,1,1,1,0,0,0,0,1,0,0,0,1,1,0,0,0,0,1,0,0,0,0,0,0,0,0,0,1,0,0,0,0,0,0,0,0,0,0,0,0,0,0,0,0,1,0,0,0,0,0,0,0,1,0,1,0,0,0,1,0,1,1,0,0,0,0,0,1,0,0,1,0,0,0,0,0,0,0,0,0,0,0,0,0,0,1,1,0,0,0,0,1,0,1,0,1,0,0,1,0,0,0,1,0,0,1,0,0,1,0,0,0,0,1,0,0,1,0,0,1,0,1,1,1,0,0,1,0,0,1,0,1,0,1,1,1,1,0,1,0,0,0,1,0,1,0,1,0,1,0,0,1,0,1,0,0,0,1,0,0,0,0,0,0,0,0,0,0,0,0,1,0,0,0,0,0,0,0,0,0,1,0,0,1,1,0,1,0,0,1,0,0,1,0,0,0,1,0,0,0,0,1,0,1,1,0,0,0,0,0,0,0,0,0,0,0,1,1,0,1,0,0,0,1,0,0,0,0,0,0,0,0,1,0,0,0,1,0,0,0,0,0,1,0,0,0,0,0,1,0,0,1,0,0,1,0,1,0,0,1,0,0,0,0,1,0,1,0,0,0,0,1,0,0,1,0,0,0,1,1,0,1,0,1,0,0,0,0,0,0,1,0,0,1,0,1,1,1,0,0,1,1,0,0,0,1,0,1,0,1,1,1,0,0,0,1,0,1,0,1,0,1,1,1,1,0,1,0,0,1,0,0,1,0,0,1,0,1,1,1,0,1,0,1,0,0,0,1,1,1,1,0,0,1,0,0,0,0,0,1,1,0,1,0,0,0,0,0,1,1,0,0,0,1,0,0,0,1,1,0,0,1,0,1,1,0,1,0,1,0,0,1,1,0,0,0,1,0,1,0,1,0,0,1,0,1,0,0,1,1,0,0,0,0,1,0,1,1,0,1,1
7.4GPa,0,1,1,1,0,1,1,1,1,1,0,0,1,1,0,0,1,1,1,0,0,0,0,1,1,0,0,0,1,1,0,0,0,0,0,0,0,1,1,0,1,1,0,0,0,1,0,1,0,0,0,0,0,0,1,0,1,1,0,1,1,0,0,0,1,0,0,1,1,1,1,0,1,1,0,1,0,1,1,1,1,0,0,1,0,1,0,0,1,0,0,0,1,0,0,1,0,0,1,1,1,1,0,0,1,1,0,1,0,0,1,0,0,0,0,1,0,0,0,1,1,0,1,1,0,0,1,1,1,1,0,0,0,1,0,1,1,1,0,0,1,0,1,1,1,0,0,1,1,0,0,1,1,1,0,1,0,1,1,1,1,0,0,1,1,0,0,1,0,0,1,0,0,0,0,0,0,1,1,0,0,1,0,0,0,1,1,1,0,0,1,0,0,0,0,0,1,1,1,0,0,0,0,1,1,1,0,1,1,1,0,0,0,1,1,0,0,0,0,0,1,0,0,0,0,1,0,0,0,0,0,1,1,0,0,1,1,0,0,0,0,0,0,0,0,0,1,1,1,1,0,0,1,1,0,0,0,1,1,0,0,0,0,0,0,1,0,0,0,0,0,0,0,0,1,1,1,0,0,0,0,0,1,1,0,0,0,1,1,0,0,1,0,0,1,0,0,1,1,1,1,0,0,0,1,1,0,0,1,0,0,0,0,0,1,1,0,0,0,0,0,1,1,1,0,1,1,0,0,0,0,0,0,0,0,1,0,0,0,0,0,1,0,0,0,1,1,0,1,1,0,0,0,0,0,0,1,0,0,0,0,0,0,0,0,0,1,1,0,0,0,0,0,0,1,0,1,1,0,0,0,0,1,0,0,0,0,1,1,1,0,0,0,1,0,0,0,0,1,0,0,0,0,0,0,1,0,0,0,0,1,0,0,1,1,0,0,0,0,1,0,1,0,0,0,1,1,1,1,0,1,1,0,0,0,0,0,0,0,1,0,0,0,0,0,0,1,0,1,0,0,1,1,1,0,0,0,0,0,0,0,0,1,1,0,0,0,1,0,1,1,1,1,0,0,0,0,0,0,0,1,1,1,0,0,0,1,0,1,1,0,0,0,1,0,1,1,0,1,1,0,0,0,1,1,0,0,0,0,1,1,1,0,0,0,0,1,1,0,1,1,0,1,0,0,0,1,0,0,1,0,1,1,0,0,1,0,0,1,1,0,0,0,1,1,0,1,0,1,0,0,1,0,1,0,1,0,0,0,1,0,0,1,0,1,0,1,0,0,1,1,0,0,1,0,0,0,1,0,0,0,1,1,0,0,0,1,1,0,1,0,0,1,1,1,0,0,0,0,1,1,1,0,0,1,1,1,1,0,0,1,0,1,1,1,1,0,1,1,0,1,1,0,1,0
8.5GPa,0,1,0,1,0,0,1,1,1,0,0,0,0,0,1,1,1,1,1,0,0,0,0,1,0,0,1,0,0,0,1,0,0,1,0,0,1,1,0,0,0,1,1,0,0,0,0,0,1,0,0,0,0,1,1,1,1,0,0,1,0,0,1,0,0,0,0,1,1,0,1,1,1,1,1,0,1,1,0,0,0,0,1,1,0,1,0,0,1,1,0,0,0,0,0,0,0,1,0,0,1,0,0,1,1,1,0,1,0,0,1,0,0,0,0,1,0,1,0,1,1,0,0,0,1,0,0,0,1,1,0,0,1,0,1,1,0,0,1,0,1,0,0,1,1,0,0,0,0,0,0,1,1,1,1,1,0,0,0,1,1,1,0,1,1,1,0,0,1,0,1,0,0,0,0,0,0,1,1,1,0,0,0,0,1,1,0,0,0,1,1,0,1,0,0,0,0,1,1,0,0,0,0,1,1,0,1,0,0,0,1,1,0,1,0,1,1,0,0,0,1,0,0,0,0,0,0,0,1,0,0,0,1,0,0,1,1,1,0,0,0,0,1,0,0,0,0,1,1,0,0,0,0,0,0,1,0,0,1,1,0,0,0,0,0,0,1,0,0,0,0,1,1,0,0,1,1,0,0,1,0,0,0,1,0,0,0,0,1,1,0,0,0,0,0,0,0,1,1,1,0,0,0,1,0,1,0,0,1,1,1,1,1,0,0,0,0,0,1,1,1,1,1,0,0,0,0,1,1,0,0,0,0,0,0,1,1,0,0,0,1,0,0,0,0,1,1,0,0,0,0,0,0,0,0,0,0,0,1,1,0,0,0,0,0,0,0,0,1,0,0,0,0,0,1,0,1,1,1,0,0,0,0,0,0,0,0,0,0,1,1,0,1,0,1,0,0,0,1,1,0,0,0,0,0,0,0,0,1,0,0,0,0,0,1,1,0,0,0,0,0,1,0,0,0,0,0,0,1,0,1,1,0,0,0,0,0,0,0,1,1,0,0,0,0,1,0,0,0,0,0,0,1,0,0,0,1,0,0,1,0,0,0,1,1,0,0,0,0,0,0,1,1,0,0,0,0,1,0,0,1,1,1,0,0,0,0,1,0,0,1,0,0,0,0,0,1,1,1,0,1,1,0,1,0,0,0,1,0,1,0,1,1,0,0,0,0,1,1,0,0,0,0,1,0,0,0,1,1,0,1,1,1,0,0,1,1,0,0,1,0,1,0,0,0,1,1,1,0,0,0,1,0,1,1,0,1,0,0,0,1,0,0,1,1,0,1,1,0,0,0,1,0,1,1,1,0,0,0,0,1,1,0,1,0,0,1,0,0,1,0,1,0,1,1,1,1,1,0,0,0,1,0,1,1,0,0,1,1,0,1,0,0,1,1,0,1,1,0,0,1,0,0,1,1
9.8GPa,1,0,0,1,0,0,1,1,1,0,0,0,0,0,0,1,1,1,1,0,0,0,0,1,0,0,1,1,1,1,0,0,0,0,0,1,1,1,0,1,1,1,1,0,0,1,0,0,1,0,0,0,0,0,1,0,1,0,0,0,0,1,0,0,1,0,0,1,1,0,0,1,1,1,0,0,0,0,0,0,1,1,0,0,0,0,0,1,0,0,0,0,1,1,0,1,1,0,0,1,0,0,1,0,1,1,1,0,0,0,1,0,0,0,0,0,0,0,1,1,0,0,1,0,0,1,1,0,0,0,0,0,0,1,0,0,1,1,1,1,1,0,0,0,1,1,0,0,1,0,0,1,1,1,1,1,0,0,1,1,1,0,0,0,1,1,1,0,1,0,0,1,0,0,0,0,0,0,1,1,1,0,0,1,0,1,1,1,1,0,0,1,1,0,0,1,1,1,1,1,1,1,1,1,1,0,1,0,0,0,0,0,1,1,0,0,1,0,0,0,0,1,0,0,0,0,0,0,0,1,1,0,0,0,1,0,1,1,1,1,0,0,0,0,0,0,0,0,1,1,0,0,0,0,0,1,0,0,1,1,0,0,0,0,0,0,1,0,0,0,0,0,0,0,0,0,1,1,0,0,1,0,0,0,1,0,0,0,1,1,0,0,1,0,0,1,1,0,1,1,1,1,1,0,1,0,1,0,0,1,1,0,0,1,0,0,0,0,0,0,1,1,1,1,0,0,0,1,1,0,0,0,1,1,0,1,1,1,0,0,0,0,0,1,0,0,0,1,1,0,0,0,0,0,0,0,0,0,1,1,0,0,0,0,0,0,0,0,0,1,1,0,0,0,0,0,0,0,0,1,1,0,0,0,0,0,0,0,1,1,1,0,1,0,0,0,0,0,0,1,0,0,0,0,0,1,1,0,1,0,0,0,0,0,0,0,1,0,0,0,0,0,0,1,0,0,1,0,0,1,1,0,1,0,0,0,0,0,0,1,1,1,1,1,0,0,0,0,1,0,0,0,0,1,0,0,0,0,0,1,1,0,0,0,0,1,1,0,0,0,0,0,0,0,0,0,1,0,1,1,1,1,0,1,0,0,0,1,1,0,1,0,0,0,0,1,1,1,0,1,1,1,0,0,1,1,0,0,1,1,0,0,1,0,0,1,0,1,0,1,1,1,1,0,0,0,1,0,1,1,1,0,0,1,0,1,1,0,0,1,0,0,1,0,1,1,1,0,1,0,0,0,0,0,0,1,1,0,0,0,0,1,1,1,0,0,1,0,0,1,0,1,1,1,0,1,0,0,0,1,0,0,0,1,0,1,1,1,1,0,0,0,1,0,1,1,0,0,1,0,1,1,1,1,0,0,1,0,1,1,1,1,0,1,1,1,1,1,0,1,1,0,1,1,0
10.4GPa,0,0,0,0,0,0,0,0,0,0,0,0,0,0,0,0,0,0,1,0,0,0,0,1,1,0,0,1,1,1,0,1,0,0,1,1,0,1,1,0,0,1,1,0,1,0,1,0,0,0,1,1,0,0,0,1,0,0,1,1,0,1,0,0,1,0,1,0,1,1,1,0,1,0,0,1,0,0,1,1,1,1,1,1,1,0,0,1,1,1,0,1,0,1,0,0,0,1,1,0,1,0,0,0,1,0,1,1,0,0,0,1,1,0,1,0,0,0,0,0,1,0,0,0,0,0,0,0,1,1,0,0,0,0,1,1,0,0,0,0,0,0,0,0,0,0,0,0,0,1,0,1,0,1,0,0,1,0,1,0,1,0,0,1,1,0,1,1,0,0,1,0,0,0,0,0,1,1,0,1,0,1,0,0,0,1,0,0,1,0,1,0,1,0,0,1,0,0,0,0,0,0,0,1,0,1,1,1,0,1,0,0,0,0,0,0,1,0,0,0,0,0,1,0,0,0,0,0,0,0,0,0,1,0,0,0,0,0,0,0,0,0,0,1,0,0,0,0,0,1,0,0,0,0,0,0,1,0,0,0,0,0,0,0,0,1,1,0,0,0,0,0,1,1,0,0,0,0,0,0,0,0,0,0,1,0,0,1,0,0,0,0,1,0,1,1,0,0,0,1,0,1,1,0,1,0,0,1,1,0,0,1,0,0,1,1,1,0,0,0,1,0,0,0,0,1,0,0,0,1,0,1,0,0,1,0,1,0,0,1,0,1,1,0,1,0,1,0,1,0,0,1,1,1,0,1,0,0,0,1,0,0,1,1,0,1,0,1,1,0,0,1,0,0,1,0,1,0,0,0,0,0,1,1,0,1,1,1,0,0,0,1,1,1,0,0,1,0,1,1,0,0,0,1,0,0,0,0,0,1,1,0,0,0,0,1,0,1,0,0,1,0,0,0,1,0,1,0,0,0,1,1,0,0,0,0,0,1,0,1,0,0,0,1,0,1,0,0,1,1,0,0,1,1,1,0,1,0,1,0,1,0,0,0,0,1,0,1,0,0,1,1,1,1,0,1,1,1,1,1,0,0,1,0,1,0,0,1,0,0,0,1,1,1,1,1,0,0,1,1,1,0,1,0,0,0,1,0,0,1,0,1,0,0,0,1,1,0,1,0,1,0,1,0,0,1,0,1,1,1,0,0,0,0,0,0,1,0,1,0,1,1,0,0,1,0,1,1,0,0,1,1,0,0,0,1,1,1,0,0,0,0,1,1,1,0,0,0,0,1,1,1,0,0,0,1,0,1,1,0,0,0,1,0,0,0,0,1,1,0,1,0,1,0,0,1,1,0,1,0,1,0,0,1,0,0,1,0,1,1,1,1,0,0,0,1,0,1,1,0,1,0,1,1,0
12.8GPa,0,0,0,1,1,0,1,1,1,1,0,0,0,1,0,1,0,1,1,0,0,0,1,0,1,1,0,0,1,1,1,0,1,0,0,1,1,1,1,0,0,1,1,0,0,0,0,0,1,0,0,0,0,0,1,0,0,1,0,0,1,1,1,0,0,0,0,1,0,1,1,0,0,1,0,0,0,0,1,1,1,1,1,0,1,0,0,0,0,1,1,0,0,0,1,1,0,1,0,1,1,1,1,0,0,0,0,1,1,1,1,1,1,1,0,1,0,0,0,1,1,0,0,0,0,1,0,1,1,0,0,0,1,1,0,0,0,0,1,1,0,0,0,0,0,1,0,0,0,0,0,0,0,1,1,1,0,0,0,1,1,0,0,0,0,1,1,0,0,0,0,1,1,0,0,0,0,0,0,1,1,0,0,0,0,0,0,1,1,0,0,1,0,0,1,0,0,0,0,1,1,0,0,0,0,0,0,0,1,1,0,0,0,0,1,0,0,0,0,0,0,0,1,0,0,0,0,0,0,0,0,1,1,0,0,0,0,0,1,1,0,0,1,0,0,0,0,0,0,1,1,0,1,0,1,0,0,0,0,0,1,0,1,0,0,1,1,0,0,1,0,0,0,0,0,0,1,1,0,0,0,0,1,0,0,0,0,1,0,1,1,1,0,0,0,0,1,0,1,1,0,0,1,1,0,1,1,0,0,0,1,1,1,0,0,0,0,0,0,0,1,1,1,0,1,0,0,0,0,0,0,0,0,0,0,0,0,1,1,0,0,0,0,0,0,0,1,1,1,0,0,0,0,0,0,0,0,0,0,0,1,0,0,0,0,0,0,0,1,1,0,0,0,0,0,0,0,0,0,1,1,0,0,0,0,0,0,0,0,0,0,0,0,0,0,1,0,0,0,0,1,1,0,0,0,0,0,0,0,0,0,0,1,1,0,0,0,1,1,0,0,0,0,0,0,0,0,0,0,0,1,1,1,1,0,0,0,1,1,0,1,1,1,1,1,0,0,1,1,0,1,0,0,1,0,1,0,0,1,0,0,1,0,0,0,0,0,1,1,0,0,0,0,0,1,1,0,0,0,0,0,0,0,0,0,0,1,0,0,0,0,0,0,1,1,0,0,0,1,1,1,1,0,1,0,0,0,0,1,1,0,1,0,0,1,0,1,1,1,1,1,0,1,0,1,1,0,0,0,0,0,1,0,0,0,1,1,1,1,0,0,0,1,0,1,1,1,1,0,0,0,1,0,1,1,1,1,0,1,0,0,0,1,1,1,1,0,0,1,0,0,1,1,1,1,0,1,0,0,1,1,0,0,1,1,1,0,1,0,0,1,0,1,0,0,1,0,0,0,0,1,1,1,1,0,0,1,1,0,0,0,1,1,1,1,0,0,1,0,1,0,1,1,0,0
13.3GPa,0,0,0,0,0,0,0,0,0,0,0,0,0,0,0,0,0,0,0,0,0,0,1,0,1,0,1,0,1,0,0,1,0,0,0,1,0,0,1,0,0,0,0,0,1,0,1,0,1,1,1,1,0,0,1,1,1,1,0,1,0,1,0,1,1,1,1,0,1,0,0,0,1,1,0,0,1,0,1,0,1,1,0,1,0,0,0,1,0,0,1,0,0,1,0,0,0,1,0,1,1,1,0,0,0,1,0,1,0,0,1,1,0,0,1,0,0,0,0,0,0,0,0,0,0,0,0,0,0,1,0,1,0,0,0,0,0,1,0,0,0,0,0,0,0,0,0,0,0,0,1,0,0,0,1,0,0,1,1,0,1,1,1,0,1,0,0,0,0,1,0,0,1,0,0,0,0,0,0,0,1,1,0,1,0,0,0,0,0,0,1,0,0,0,1,0,0,1,0,0,0,0,0,0,0,1,1,1,1,1,0,0,0,1,0,0,0,1,0,0,0,0,0,0,0,0,0,0,0,0,0,0,0,1,0,0,0,0,0,0,0,0,0,0,0,0,0,1,0,0,1,0,0,0,0,0,0,0,0,0,1,0,0,0,0,0,0,0,0,0,0,0,0,0,0,0,0,1,1,0,0,0,0,1,0,0,0,1,0,0,0,0,0,0,0,0,0,1,0,0,1,0,0,0,1,0,1,1,1,1,0,0,1,0,1,1,1,0,0,1,1,0,0,1,0,0,0,0,0,0,1,0,0,0,0,0,1,0,0,0,0,1,0,0,1,0,1,1,1,0,0,1,0,0,1,1,1,1,0,0,0,0,0,1,1,1,0,1,0,0,0,0,0,0,0,0,0,1,0,1,0,0,0,1,1,0,0,0,1,0,0,0,0,0,1,0,1,0,0,0,1,0,0,1,0,1,0,0,1,0,1,1,1,0,0,0,0,0,0,0,0,0,1,0,0,1,0,0,0,1,1,1,1,1,0,0,0,0,0,1,0,1,0,0,0,1,0,0,0,1,1,1,0,0,1,0,0,0,0,1,1,0,1,0,0,0,0,0,1,0,1,0,1,1,1,0,0,0,0,0,1,0,0,0,1,0,0,1,1,1,1,0,0,0,1,1,0,1,0,1,1,0,0,0,1,0,0,1,0,0,1,0,0,0,1,0,1,0,0,0,1,1,0,1,0,0,0,0,0,1,0,1,0,0,1,0,1,0,1,0,1,1,1,0,1,0,0,0,1,1,0,0,0,1,0,1,1,0,0,1,1,0,0,1,0,0,1,1,0,0,1,0,1,0,0,1,0,1,0,1,0,1,0,1,0,1,1,1,1,0,1,1,1,1,0,0,1,0,1,0,0,0,0,0,1,0,1,0,0,1,1,0,0,0,1,0,0,1,1,0,1,0,1,1,0
15.6GPa,0,0,0,0,0,0,0,0,0,0,0,0,0,0,0,0,0,0,0,0,1,0,0,1,0,1,0,1,1,0,1,1,0,0,0,0,0,1,0,1,0,0,1,1,1,0,0,1,0,1,0,0,1,0,0,1,0,0,1,1,0,1,0,0,1,0,1,0,0,0,0,1,0,1,0,0,0,0,1,0,1,1,0,0,1,0,0,0,0,1,0,0,0,1,1,1,1,0,1,1,0,1,0,1,0,0,1,1,0,0,1,0,0,0,0,0,0,0,0,0,1,1,0,0,0,0,0,1,0,0,0,0,0,0,0,0,0,0,0,0,1,0,1,0,0,0,0,0,1,1,1,0,0,0,1,1,0,1,1,1,1,0,1,0,0,0,1,0,1,0,0,0,0,0,0,1,0,0,1,0,0,1,1,0,1,0,0,0,1,1,0,1,0,0,0,0,0,0,0,1,0,1,1,1,0,0,0,0,0,0,0,0,0,1,0,0,0,0,0,0,1,0,0,0,0,0,0,0,1,0,0,0,0,0,0,0,0,0,0,0,1,0,0,0,1,1,1,0,0,0,0,0,1,0,0,1,1,0,0,0,1,0,0,0,0,0,0,0,0,0,0,1,0,0,0,0,0,1,0,0,0,0,0,0,1,0,0,1,0,0,1,0,1,0,1,1,0,0,1,0,0,1,1,0,1,0,1,0,0,1,0,1,0,0,0,1,0,0,0,1,0,1,0,0,1,0,0,1,0,0,1,0,0,1,0,0,1,0,0,0,1,1,1,0,1,0,1,0,1,0,0,1,0,1,1,1,0,0,0,0,0,0,1,0,0,1,1,0,0,1,0,0,0,1,1,0,0,1,0,1,1,1,1,0,1,0,0,1,1,0,0,1,0,0,0,1,0,0,1,0,0,0,1,0,1,1,1,0,0,1,0,0,1,0,0,0,0,1,1,1,0,0,1,0,0,1,0,0,0,1,1,0,1,1,0,1,0,0,0,0,1,0,0,0,1,0,0,0,0,1,1,1,0,0,1,1,0,0,1,0,0,1,0,0,1,0,1,0,0,0,1,0,0,1,0,0,1,1,1,1,0,0,1,1,1,0,1,0,0,1,1,0,0,1,0,1,1,0,1,0,1,1,0,0,0,0,1,1,0,0,1,0,0,1,1,1,1,1,0,0,1,0,0,1,0,1,0,1,1,0,1,0,1,1,1,0,0,0,1,1,0,0,1,0,1,0,1,0,1,0,0,1,1,1,1,1,0,0,1,0,1,0,0,1,1,0,0,1,0,0,1,0,0,1,0,1,0,1,0,0,0,1,1,0,1,0,0,1,0,1,1,1,1,0,0,0,1,0,0,1,1,1,1,0,1,1,1,0,0,1,0,0,1,0,1,1,1,1,1,0,1,0,1,0,0
