peak_group,group_two_theta,frame_count,frames_present,max_normalized_intensity,tier_a_count,tier_b_count,tier_c_count,source_methods
1,2.048103,3,3.9GPa;6.2GPa;9.8GPa,3.47249e-06,0,3,0,shoulder
2,2.095529,4,1.5GPa;2.3GPa;7.4GPa;8.5GPa,0.00097917,1,3,0,matched;shoulder
3,2.121538,6,1.5GPa;2.4GPa_decomp;3.9GPa;5GPa;6.2GPa;7.4GPa,0.0495438,2,8,0,matched;shoulder
4,2.147314,7,1GPa;2.3GPa;2.4GPa_decomp;7.4GPa;8.5GPa;9.8GPa;12.8GPa,0.0574569,1,7,0,matched;shoulder
5,2.174627,2,2.3GPa;12.8GPa,0.0132664,0,2,0,matched;shoulder
6,2.316957,3,2.4GPa_decomp;5GPa;7.4GPa,0.102718,1,2,0,matched;shoulder
7,2.343892,11,1GPa;1.5GPa;2.3GPa;2.4GPa_decomp;3.9GPa;5GPa;6.2GPa;7.4GPa;8.5GPa;9.8GPa;12.8GPa,0.188326,15,4,0,matched;shoulder
8,2.365762,10,1GPa;1.5GPa;2.3GPa;3.9GPa;5GPa;6.2GPa;7.4GPa;8.5GPa;9.8GPa;12.8GPa,0.1275,12,0,0,matched;micro
9,2.398057,10,1GPa;1.5GPa;2.3GPa;3.9GPa;5GPa;6.2GPa;7.4GPa;8.5GPa;9.8GPa;12.8GPa,0.239814,16,1,0,matched;micro;raw;residual;shoulder
10,2.427755,5,1GPa;1.5GPa;5GPa;7.4GPa;12.8GPa,0.00209399,3,2,0,raw;residual;shoulder
11,2.468614,4,2.3GPa;3.9GPa;5GPa;6.2GPa,0.000202343,0,4,0,raw;shoulder
12,2.502719,3,1GPa;3.9GPa;5GPa,0.00012016,0,3,0,raw;shoulder
13,2.538446,1,7.4GPa,0.00154092,0,2,0,matched;shoulder
14,2.585827,6,1GPa;1.5GPa;2.4GPa_decomp;6.2GPa;7.4GPa;12.8GPa,0.496771,4,4,0,matched;micro;raw;shoulder
15,2.617174,5,1.5GPa;2.3GPa;2.4GPa_decomp;3.9GPa;8.5GPa,0.299333,3,4,0,matched;micro;raw;residual;shoulder
16,2.648977,6,1GPa;2.3GPa;5GPa;8.5GPa;9.8GPa;12.8GPa,0.0063495,3,5,0,matched;micro;raw;residual;shoulder
17,2.677380,8,1GPa;1.5GPa;2.4GPa_decomp;3.9GPa;6.2GPa;7.4GPa;8.5GPa;9.8GPa,0.0302555,8,3,0,bump;matched;micro;raw;shoulder
18,2.701215,10,1GPa;2.3GPa;2.4GPa_decomp;3.9GPa;5GPa;6.2GPa;7.4GPa;8.5GPa;9.8GPa;12.8GPa,0.0385755,11,3,0,bump;matched;micro;raw
19,2.735316,12,1GPa;1.5GPa;2.3GPa;2.4GPa_decomp;3.9GPa;5GPa;6.2GPa;7.4GPa;8.5GPa;9.8GPa;10.4GPa;12.8GPa,0.0599601,16,2,0,matched;micro;raw;shoulder
20,2.763751,4,0.7GPa;1.5GPa;6.2GPa;6.6GPa,0.0125552,2,2,0,matched;micro;raw;shoulder
21,2.805858,1,15.6GPa,0.00885417,1,0,0,matched;micro;raw;shoulder
22,2.833904,1,6.6GPa,1.20278e-05,1,0,0,raw;shoulder
23,2.874323,9,0.7GPa;1GPa;1.3GPa;2.4GPa_decomp;5GPa;6.2GPa;6.6GPa;12.8GPa;13.3GPa,0.0612378,4,6,0,matched;micro;raw;residual;shoulder
24,2.921953,10,0.7GPa;1.3GPa;1.5GPa;2.3GPa;6.2GPa;7.4GPa;8.5GPa;9.8GPa;10.4GPa;15.6GPa,0.0392,7,6,0,matched;micro;raw;shoulder
25,2.956017,9,1.3GPa;1.5GPa;3.9GPa;5GPa;6.2GPa;7.4GPa;10.4GPa;12.8GPa;13.3GPa,0.00280052,5,5,0,bump;matched;micro;raw;shoulder
26,2.988463,6,1GPa;2.4GPa_decomp;5GPa;6.2GPa;12.8GPa;15.6GPa,0.0465435,7,2,0,bump;matched;micro;raw;shoulder
27,3.015592,7,1.3GPa;1.5GPa;2.4GPa_decomp;6.2GPa;8.5GPa;9.8GPa;13.3GPa,0.0600702,5,3,0,matched;micro;raw;shoulder
28,3.063378,7,0.7GPa;1.5GPa;2.4GPa_decomp;6.6GPa;9.8GPa;10.4GPa;15.6GPa,0.0214023,4,4,0,matched;micro;raw;shoulder
29,3.112970,12,0.7GPa;2.3GPa;2.4GPa_decomp;3.9GPa;5GPa;6.6GPa;7.4GPa;9.8GPa;10.4GPa;12.8GPa;13.3GPa;15.6GPa,0.0124897,8,6,0,bump;matched;micro;raw;residual;shoulder
30,3.137913,9,0.7GPa;1GPa;1.3GPa;2.3GPa;6.6GPa;7.4GPa;9.8GPa;10.4GPa;12.8GPa,0.00171639,6,3,0,bump;matched;micro;raw;residual;shoulder
31,3.163084,6,0.7GPa;1GPa;6.6GPa;8.5GPa;12.8GPa;15.6GPa,0.0770078,4,2,0,bump;matched;micro;raw;shoulder
32,3.189515,6,1.3GPa;2.4GPa_decomp;6.2GPa;10.4GPa;13.3GPa;15.6GPa,0.0771786,5,2,0,bump;matched;micro;raw;shoulder
33,3.226086,7,1GPa;1.5GPa;3.9GPa;5GPa;6.2GPa;6.6GPa;12.8GPa,0.00106321,0,7,0,matched;micro;raw;shoulder
34,3.250114,4,0.7GPa;1GPa;2.3GPa;8.5GPa,0.00280987,0,4,0,matched;micro;raw;shoulder
35,3.296676,2,6.6GPa;10.4GPa,0.00251275,0,2,0,matched;micro;raw;shoulder
36,3.387777,14,0.7GPa;1GPa;1.3GPa;1.5GPa;2.3GPa;2.4GPa_decomp;3.9GPa;5GPa;6.2GPa;6.6GPa;9.8GPa;10.4GPa;12.8GPa;13.3GPa,0.0380016,6,14,0,matched;micro;raw;shoulder
37,3.412204,12,0.7GPa;1GPa;1.3GPa;1.5GPa;2.3GPa;2.4GPa_decomp;3.9GPa;5GPa;6.2GPa;8.5GPa;9.8GPa;12.8GPa,0.0483508,5,10,0,matched;micro;raw;shoulder
38,3.451904,13,1GPa;1.5GPa;2.3GPa;2.4GPa_decomp;3.9GPa;6.2GPa;6.6GPa;7.4GPa;8.5GPa;9.8GPa;10.4GPa;12.8GPa;15.6GPa,0.0592081,10,9,0,matched;micro;raw;shoulder
39,3.483751,6,2.4GPa_decomp;5GPa;7.4GPa;10.4GPa;12.8GPa;13.3GPa,0.0102201,3,5,0,matched;micro;raw;shoulder
40,3.511558,8,0.7GPa;1GPa;1.3GPa;1.5GPa;3.9GPa;6.2GPa;9.8GPa;15.6GPa,0.00136357,3,5,0,matched;micro;raw;residual;shoulder
41,3.540591,10,0.7GPa;1GPa;1.3GPa;1.5GPa;2.3GPa;3.9GPa;5GPa;6.6GPa;7.4GPa;9.8GPa,0.176202,5,7,0,matched;micro;raw;shoulder
42,3.575444,10,0.7GPa;1GPa;1.5GPa;2.3GPa;2.4GPa_decomp;7.4GPa;8.5GPa;9.8GPa;10.4GPa;12.8GPa,0.01406,5,7,0,bump;matched;micro;raw;residual;shoulder
43,3.614953,7,0.7GPa;6.2GPa;8.5GPa;9.8GPa;10.4GPa;12.8GPa;15.6GPa,0.0266711,4,4,0,bump;matched;micro;raw;residual;shoulder
44,3.641747,7,1GPa;1.5GPa;2.3GPa;3.9GPa;5GPa;6.6GPa;15.6GPa,0.00556594,5,2,0,matched;micro;raw;shoulder
45,3.661283,7,1GPa;1.5GPa;2.4GPa_decomp;5GPa;10.4GPa;13.3GPa;15.6GPa,0.00733523,5,2,0,matched;micro;raw;residual;shoulder
46,3.705986,8,0.7GPa;1.3GPa;1.5GPa;2.3GPa;2.4GPa_decomp;3.9GPa;7.4GPa;9.8GPa,0.166142,4,6,0,matched;micro;raw;shoulder
47,3.742212,7,1GPa;2.4GPa_decomp;3.9GPa;5GPa;6.6GPa;10.4GPa;13.3GPa,0.00498401,7,2,0,bump;matched;micro;raw;residual;shoulder
48,3.779319,9,1GPa;1.5GPa;2.3GPa;2.4GPa_decomp;3.9GPa;5GPa;6.2GPa;7.4GPa;15.6GPa,0.201399,13,1,0,bump;matched;micro;raw;residual;shoulder
49,3.805815,13,1GPa;1.3GPa;1.5GPa;2.3GPa;2.4GPa_decomp;3.9GPa;5GPa;6.2GPa;6.6GPa;8.5GPa;9.8GPa;12.8GPa;13.3GPa,0.0338212,16,2,0,bump;matched;micro;raw;residual;shoulder
50,3.838014,10,0.7GPa;1.3GPa;1.5GPa;2.3GPa;2.4GPa_decomp;3.9GPa;5GPa;6.2GPa;13.3GPa;15.6GPa,0.131389,7,4,0,matched;micro;raw;residual;shoulder
51,3.875309,2,10.4GPa;13.3GPa,0.0278831,1,1,0,matched;micro;raw;residual;shoulder
52,3.915661,6,0.7GPa;1GPa;2.3GPa;6.6GPa;10.4GPa;13.3GPa,0.0247088,5,2,0,bump;matched;micro;raw;residual;shoulder
53,3.948452,6,1GPa;1.5GPa;5GPa;6.2GPa;6.6GPa;15.6GPa,0.00883213,2,5,0,matched;micro;raw;shoulder
54,3.983820,3,0.7GPa;1.3GPa;8.5GPa,0.000200437,2,1,0,bump;matched;micro;raw;residual;shoulder
55,4.011113,9,0.7GPa;5GPa;6.2GPa;6.6GPa;7.4GPa;8.5GPa;9.8GPa;12.8GPa;13.3GPa,0.0322935,2,9,0,bump;matched;micro;raw;residual;shoulder
56,4.051760,9,1.3GPa;1.5GPa;2.3GPa;3.9GPa;6.2GPa;8.5GPa;10.4GPa;13.3GPa;15.6GPa,0.019028,3,7,0,bump;matched;micro;raw;shoulder
57,4.080090,7,1GPa;2.3GPa;6.6GPa;7.4GPa;8.5GPa;9.8GPa;13.3GPa,0.0191128,2,6,0,matched;micro;raw;shoulder
58,4.114567,7,0.7GPa;1GPa;1.5GPa;2.4GPa_decomp;7.4GPa;12.8GPa;13.3GPa,0.771759,5,4,0,bump;matched;micro;raw;residual;shoulder
59,4.142398,6,1GPa;1.5GPa;2.3GPa;6.6GPa;10.4GPa;15.6GPa,0.0116993,4,2,0,bump;matched;micro;raw;shoulder
60,4.178640,9,1.3GPa;2.3GPa;3.9GPa;5GPa;7.4GPa;8.5GPa;10.4GPa;13.3GPa;15.6GPa,0.12233,6,5,0,matched;micro;raw;shoulder
61,4.213437,8,0.7GPa;1.3GPa;2.3GPa;3.9GPa;5GPa;6.2GPa;7.4GPa;12.8GPa,0.0478462,7,3,0,bump;matched;micro;raw;shoulder
62,4.247201,8,0.7GPa;1GPa;6.2GPa;9.8GPa;10.4GPa;12.8GPa;13.3GPa;15.6GPa,0.0338382,6,4,0,bump;matched;micro;raw;shoulder
63,4.287192,6,1GPa;1.3GPa;2.4GPa_decomp;5GPa;8.5GPa;12.8GPa,0.0318829,2,5,0,matched;micro;raw;shoulder
64,4.306370,3,0.7GPa;6.6GPa;13.3GPa,0.0209388,2,1,0,matched;micro;raw;shoulder
65,4.365336,10,1GPa;1.3GPa;1.5GPa;2.3GPa;3.9GPa;7.4GPa;9.8GPa;10.4GPa;13.3GPa;15.6GPa,0.0113956,3,7,0,bump;matched;micro;raw;shoulder
66,4.404522,1,13.3GPa,0.0173691,1,0,0,matched;micro;shoulder
67,4.432672,3,10.4GPa;13.3GPa;15.6GPa,0.00441759,1,2,0,matched;micro;raw;shoulder
68,4.476145,11,0.7GPa;1GPa;1.3GPa;1.5GPa;2.4GPa_decomp;6.2GPa;6.6GPa;7.4GPa;8.5GPa;9.8GPa;12.8GPa,0.0888786,6,8,0,matched;micro;raw;shoulder
69,4.509138,11,1GPa;1.3GPa;1.5GPa;2.3GPa;3.9GPa;5GPa;7.4GPa;8.5GPa;9.8GPa;10.4GPa;13.3GPa,0.111744,7,8,0,matched;micro;raw;residual;shoulder
70,4.532140,4,3.9GPa;7.4GPa;10.4GPa;12.8GPa,0.0325318,2,3,0,bump;matched;micro;raw;residual;shoulder
71,4.572750,9,0.7GPa;1GPa;2.3GPa;3.9GPa;6.2GPa;7.4GPa;8.5GPa;10.4GPa;12.8GPa,0.0382782,6,5,0,matched;micro;raw;shoulder
72,4.601735,8,1.3GPa;1.5GPa;2.4GPa_decomp;5GPa;6.2GPa;8.5GPa;9.8GPa;15.6GPa,0.087117,5,6,0,matched;micro;raw;shoulder
73,4.634258,11,0.7GPa;1GPa;1.3GPa;1.5GPa;2.4GPa_decomp;6.6GPa;7.4GPa;8.5GPa;9.8GPa;10.4GPa;13.3GPa,0.0692487,5,7,0,matched;micro;raw;shoulder
74,4.673485,12,0.7GPa;1GPa;1.3GPa;1.5GPa;2.3GPa;5GPa;7.4GPa;8.5GPa;9.8GPa;12.8GPa;13.3GPa;15.6GPa,0.0359759,7,7,0,bump;matched;micro;raw;residual;shoulder
75,4.719060,4,1.3GPa;3.9GPa;5GPa;8.5GPa,0.0378064,4,2,0,matched;micro;raw;shoulder
76,4.744009,9,0.7GPa;1.5GPa;2.3GPa;2.4GPa_decomp;5GPa;6.2GPa;6.6GPa;7.4GPa;10.4GPa,0.0158658,8,3,0,matched;micro;raw;residual;shoulder
77,4.773523,8,0.7GPa;1GPa;1.5GPa;2.3GPa;6.2GPa;6.6GPa;8.5GPa;13.3GPa,0.0211516,6,3,0,matched;micro;raw;residual;shoulder
78,4.799983,7,1GPa;1.5GPa;2.3GPa;3.9GPa;6.6GPa;7.4GPa;8.5GPa,0.00126919,2,6,0,bump;matched;micro;raw;residual;shoulder
79,4.849123,9,0.7GPa;2.3GPa;2.4GPa_decomp;3.9GPa;7.4GPa;10.4GPa;12.8GPa;13.3GPa;15.6GPa,0.0152318,3,8,0,matched;micro;raw;residual;shoulder
80,4.868031,11,1GPa;1.3GPa;2.3GPa;2.4GPa_decomp;3.9GPa;5GPa;6.2GPa;6.6GPa;7.4GPa;10.4GPa;12.8GPa,0.142236,8,6,0,matched;micro;raw;residual;shoulder
81,4.899852,11,0.7GPa;1GPa;1.3GPa;2.4GPa_decomp;5GPa;7.4GPa;9.8GPa;10.4GPa;12.8GPa;13.3GPa;15.6GPa,0.0557244,9,5,0,bump;matched;micro;raw;shoulder
82,4.935690,11,0.7GPa;1GPa;1.5GPa;2.4GPa_decomp;3.9GPa;5GPa;9.8GPa;10.4GPa;12.8GPa;13.3GPa;15.6GPa,0.0136401,7,7,0,bump;matched;micro;raw;residual;shoulder
83,4.966939,11,0.7GPa;1GPa;1.3GPa;1.5GPa;2.3GPa;3.9GPa;5GPa;6.2GPa;8.5GPa;10.4GPa;12.8GPa,0.0235686,5,10,0,matched;micro;raw;shoulder
84,4.996627,7,0.7GPa;1GPa;6.6GPa;7.4GPa;8.5GPa;10.4GPa;13.3GPa,0.011543,2,5,0,matched;micro;raw;shoulder
85,5.023801,6,2.3GPa;6.2GPa;6.6GPa;10.4GPa;12.8GPa;15.6GPa,0.00993146,2,5,0,matched;micro;raw;shoulder
86,5.064313,9,1.3GPa;1.5GPa;2.3GPa;2.4GPa_decomp;3.9GPa;5GPa;6.6GPa;7.4GPa;8.5GPa,0.0277998,6,3,0,bump;matched;micro;raw;shoulder
87,5.084672,3,1.5GPa;3.9GPa;6.2GPa,4.01947e-06,2,1,0,micro;shoulder
88,5.127808,4,1GPa;9.8GPa;10.4GPa;13.3GPa,0.0196261,2,3,0,matched;micro;raw;shoulder
89,5.160655,6,0.7GPa;1GPa;6.6GPa;7.4GPa;8.5GPa;10.4GPa,0.0159736,4,4,0,bump;matched;micro;raw;shoulder
90,5.188890,10,1GPa;1.3GPa;2.4GPa_decomp;3.9GPa;5GPa;6.2GPa;8.5GPa;10.4GPa;12.8GPa;15.6GPa,0.0525019,11,4,0,bump;matched;micro;raw;shoulder
91,5.221552,5,1GPa;2.3GPa;2.4GPa_decomp;12.8GPa;13.3GPa,0.0237016,4,4,0,matched;micro;raw;residual;shoulder
92,5.248253,4,0.7GPa;2.3GPa;6.2GPa;10.4GPa,0.000626098,2,2,0,micro;raw;shoulder
93,5.293820,8,0.7GPa;1GPa;1.5GPa;2.4GPa_decomp;5GPa;6.6GPa;7.4GPa;9.8GPa,0.0110295,6,7,0,matched;micro;raw;residual;shoulder
94,5.329199,10,0.7GPa;1GPa;1.3GPa;1.5GPa;2.3GPa;6.6GPa;9.8GPa;10.4GPa;13.3GPa;15.6GPa,0.226776,5,7,0,bump;matched;micro;raw;residual;shoulder
95,5.358570,8,0.7GPa;1GPa;1.3GPa;1.5GPa;2.3GPa;3.9GPa;12.8GPa;15.6GPa,1,6,2,0,bump;matched;micro;raw;residual;shoulder
96,5.390218,8,1.5GPa;2.3GPa;5GPa;6.2GPa;7.4GPa;9.8GPa;12.8GPa;15.6GPa,0.0032218,6,4,0,matched;micro;raw;shoulder
97,5.425539,6,2.3GPa;2.4GPa_decomp;6.2GPa;6.6GPa;9.8GPa;15.6GPa,0.0275547,3,5,0,matched;micro;raw;shoulder
98,5.468507,6,0.7GPa;1.3GPa;8.5GPa;10.4GPa;12.8GPa;13.3GPa,0.0173555,3,5,0,matched;micro;raw;shoulder
99,5.499076,9,1GPa;1.3GPa;1.5GPa;2.3GPa;3.9GPa;5GPa;7.4GPa;10.4GPa;15.6GPa,0.00968953,5,5,0,bump;matched;micro;raw;residual;shoulder
100,5.553788,8,0.7GPa;5GPa;6.6GPa;7.4GPa;9.8GPa;12.8GPa;13.3GPa;15.6GPa,0.0954857,4,7,0,matched;micro;raw;residual;shoulder
101,5.584541,12,1GPa;1.3GPa;1.5GPa;2.3GPa;2.4GPa_decomp;5GPa;6.2GPa;7.4GPa;8.5GPa;10.4GPa;12.8GPa;13.3GPa,0.037499,5,9,0,bump;matched;micro;raw;residual;shoulder
102,5.611709,10,0.7GPa;1GPa;2.3GPa;2.4GPa_decomp;5GPa;6.2GPa;7.4GPa;12.8GPa;13.3GPa;15.6GPa,0.0250249,7,6,0,bump;matched;micro;raw;shoulder
103,5.659670,8,1GPa;1.3GPa;2.3GPa;3.9GPa;5GPa;6.2GPa;9.8GPa;12.8GPa,0.0250745,4,6,0,bump;matched;micro;raw;residual;shoulder
104,5.688732,8,0.7GPa;1.3GPa;1.5GPa;5GPa;6.2GPa;6.6GPa;8.5GPa;15.6GPa,0.0137888,3,6,0,bump;matched;micro;raw;residual;shoulder
105,5.722733,4,7.4GPa;8.5GPa;9.8GPa;10.4GPa,0.000183804,2,2,0,bump;matched;micro;raw;residual;shoulder
106,5.766885,7,1.3GPa;2.4GPa_decomp;3.9GPa;7.4GPa;8.5GPa;9.8GPa;13.3GPa,0.0397239,3,5,0,bump;matched;micro;raw;residual;shoulder
107,5.805716,6,1GPa;1.5GPa;6.2GPa;9.8GPa;10.4GPa;15.6GPa,0.02712,4,3,0,bump;matched;micro;raw;residual;shoulder
108,5.840394,10,0.7GPa;2.3GPa;2.4GPa_decomp;6.6GPa;7.4GPa;8.5GPa;10.4GPa;12.8GPa;13.3GPa;15.6GPa,0.298066,6,8,0,bump;matched;micro;raw;residual;shoulder
109,5.875450,3,2.4GPa_decomp;3.9GPa;12.8GPa,0.000668053,2,2,0,bump;matched;micro;raw;residual;shoulder
110,5.915163,4,1GPa;5GPa;6.2GPa;12.8GPa,0.000234004,2,2,0,bump;matched;micro;raw;residual;shoulder
111,5.953984,7,0.7GPa;7.4GPa;8.5GPa;9.8GPa;12.8GPa;13.3GPa;15.6GPa,0.0962392,5,3,0,bump;matched;micro;raw;residual;shoulder
112,5.994099,7,1.5GPa;2.4GPa_decomp;3.9GPa;6.6GPa;10.4GPa;12.8GPa;13.3GPa,0.0221808,2,6,0,matched;micro;raw;shoulder
113,6.026880,5,1GPa;1.5GPa;2.3GPa;10.4GPa;12.8GPa,0.0138513,4,3,0,matched;micro;raw;shoulder
114,6.049416,4,1GPa;1.5GPa;2.3GPa;12.8GPa,0.00859926,3,2,0,matched;micro;raw;shoulder
115,6.096070,6,1GPa;1.5GPa;2.4GPa_decomp;6.2GPa;10.4GPa;13.3GPa,0.0118829,1,6,0,bump;matched;micro;raw;shoulder
116,6.135492,8,1GPa;1.5GPa;2.3GPa;2.4GPa_decomp;5GPa;7.4GPa;8.5GPa;12.8GPa,0.0122626,2,9,0,matched;micro;raw;shoulder
117,6.165635,3,1.5GPa;3.9GPa;5GPa,0.000596473,1,3,0,matched;micro;raw;shoulder
118,6.204448,5,2.4GPa_decomp;3.9GPa;5GPa;6.2GPa;8.5GPa,0.0225588,2,5,0,matched;micro;raw;residual;shoulder
119,6.231211,4,1GPa;2.4GPa_decomp;3.9GPa;9.8GPa,0.0360378,5,0,0,matched;micro;raw;shoulder
120,6.262012,8,1.5GPa;2.3GPa;3.9GPa;6.2GPa;7.4GPa;8.5GPa;9.8GPa;12.8GPa,0.115034,5,5,0,matched;micro;raw;residual;shoulder
121,6.299976,11,0.7GPa;1.5GPa;2.3GPa;2.4GPa_decomp;3.9GPa;6.2GPa;7.4GPa;8.5GPa;10.4GPa;12.8GPa;15.6GPa,0.207859,9,4,0,bump;matched;micro;raw;residual;shoulder
122,6.325754,6,1GPa;1.3GPa;2.3GPa;2.4GPa_decomp;5GPa;15.6GPa,0.0301502,2,5,0,bump;matched;micro;raw;residual;shoulder
123,6.352891,4,2.4GPa_decomp;5GPa;7.4GPa;9.8GPa,0.0027499,1,5,0,matched;micro;raw;shoulder
124,6.381548,3,1.5GPa;5GPa;7.4GPa,0.00593247,3,2,0,matched;micro;raw;shoulder
125,6.434893,6,0.7GPa;1GPa;2.3GPa;6.2GPa;6.6GPa;8.5GPa,0.185905,1,5,0,matched;micro;raw;residual;shoulder
126,6.450539,7,1GPa;1.5GPa;2.3GPa;6.2GPa;6.6GPa;9.8GPa;12.8GPa,0.0348042,2,6,0,matched;micro;raw;residual;shoulder
127,6.487743,7,1GPa;1.5GPa;2.3GPa;3.9GPa;6.2GPa;7.4GPa;9.8GPa,0.0350871,3,5,0,matched;micro;raw;residual;shoulder
128,6.521016,6,1.5GPa;2.3GPa;5GPa;7.4GPa;12.8GPa;15.6GPa,0.0435993,4,4,0,bump;matched;micro;raw;residual;shoulder
129,6.545415,9,1GPa;2.3GPa;3.9GPa;5GPa;6.2GPa;7.4GPa;8.5GPa;10.4GPa;12.8GPa,0.105349,7,4,0,matched;micro;raw;residual;shoulder
130,6.589319,9,1GPa;2.3GPa;2.4GPa_decomp;5GPa;6.2GPa;7.4GPa;8.5GPa;10.4GPa;13.3GPa,0.490532,11,1,0,bump;matched;micro;raw;shoulder
131,6.619488,4,1GPa;1.5GPa;2.4GPa_decomp;6.6GPa,0.131124,4,3,0,bump;matched;micro;raw;residual;shoulder
132,6.650353,4,1.5GPa;2.3GPa;2.4GPa_decomp;13.3GPa,0.00263318,3,1,0,bump;matched;micro;raw;residual
133,6.663128,5,1GPa;3.9GPa;6.6GPa;8.5GPa;12.8GPa,0.697867,3,4,0,matched;micro;raw;shoulder
134,6.697968,5,2.3GPa;5GPa;7.4GPa;9.8GPa;12.8GPa,0.0501715,5,3,0,bump;matched;micro;raw;residual;shoulder
135,6.746372,4,3.9GPa;6.2GPa;8.5GPa;10.4GPa,0.00217845,3,2,0,bump;matched;micro;raw;residual;shoulder
136,6.774472,5,0.7GPa;5GPa;7.4GPa;8.5GPa;10.4GPa,0.471922,3,3,0,bump;matched;raw;shoulder
137,6.792781,4,5GPa;6.2GPa;7.4GPa;9.8GPa,0.000114877,2,3,0,bump;matched;micro;raw;residual;shoulder
138,6.824368,4,6.2GPa;7.4GPa;9.8GPa;13.3GPa,1,3,4,0,bump;matched;micro;raw;residual;shoulder
139,6.863027,7,1GPa;1.5GPa;2.4GPa_decomp;3.9GPa;8.5GPa;9.8GPa;12.8GPa,0.127613,7,2,0,bump;matched;micro;raw;residual;shoulder
140,6.888298,7,1.3GPa;1.5GPa;2.3GPa;3.9GPa;6.2GPa;9.8GPa;12.8GPa,0.0614344,2,5,0,bump;matched;micro;raw;residual;shoulder
141,6.933406,7,0.7GPa;2.3GPa;2.4GPa_decomp;7.4GPa;8.5GPa;9.8GPa;15.6GPa,0.335199,6,4,0,bump;matched;micro;raw;residual;shoulder
142,6.967050,4,2.4GPa_decomp;3.9GPa;5GPa;6.2GPa,0.088319,4,2,0,bump;matched;micro;raw;residual;shoulder
143,6.998573,10,0.7GPa;1GPa;1.3GPa;2.3GPa;2.4GPa_decomp;3.9GPa;5GPa;6.2GPa;7.4GPa;15.6GPa,0.0389427,4,8,0,bump;matched;micro;raw;residual;shoulder
144,7.039095,6,0.7GPa;1.5GPa;6.2GPa;6.6GPa;7.4GPa;8.5GPa,0.0260476,3,3,0,bump;matched;micro;raw;shoulder
145,7.064327,3,7.4GPa;8.5GPa;9.8GPa,0.0681691,2,1,0,bump;matched;micro;shoulder
146,7.100395,2,9.8GPa;12.8GPa,0.469034,3,0,0,bump;matched;micro;raw;residual;shoulder
147,7.125125,5,0.7GPa;1GPa;2.4GPa_decomp;3.9GPa;5GPa,0.0109693,1,4,0,matched;micro;raw;shoulder
148,7.162105,5,1.3GPa;1.5GPa;2.3GPa;6.6GPa;7.4GPa,0.0241573,4,3,0,matched;micro;raw;shoulder
149,7.223982,8,0.7GPa;1.3GPa;2.4GPa_decomp;5GPa;6.6GPa;7.4GPa;9.8GPa;15.6GPa,0.00816881,2,7,0,bump;matched;micro;raw;shoulder
150,7.260468,3,3.9GPa;10.4GPa;15.6GPa,0.00236995,3,0,0,matched;micro;raw;shoulder
151,7.307626,9,0.7GPa;1GPa;1.3GPa;1.5GPa;2.3GPa;2.4GPa_decomp;5GPa;13.3GPa;15.6GPa,0.0181132,4,7,0,bump;matched;micro;raw;residual;shoulder
152,7.338526,9,0.7GPa;1GPa;1.5GPa;2.3GPa;5GPa;7.4GPa;8.5GPa;9.8GPa;10.4GPa,0.0031114,3,8,0,bump;matched;micro;raw;shoulder
153,7.373714,8,1.5GPa;2.3GPa;3.9GPa;5GPa;6.6GPa;7.4GPa;8.5GPa;9.8GPa,0.00694819,6,5,0,bump;matched;micro;raw;shoulder
154,7.396698,8,3.9GPa;5GPa;6.2GPa;7.4GPa;8.5GPa;9.8GPa;10.4GPa;12.8GPa,0.0313932,5,4,0,bump;matched;micro;raw;shoulder
155,7.439083,11,0.7GPa;2.4GPa_decomp;3.9GPa;5GPa;6.2GPa;6.6GPa;8.5GPa;9.8GPa;12.8GPa;13.3GPa;15.6GPa,0.13483,9,7,0,bump;matched;micro;raw;shoulder
156,7.457283,12,1.3GPa;1.5GPa;2.3GPa;2.4GPa_decomp;3.9GPa;5GPa;6.2GPa;7.4GPa;8.5GPa;9.8GPa;12.8GPa;15.6GPa,0.0385599,7,10,0,matched;micro;raw;shoulder
157,7.488684,2,1GPa;10.4GPa,0.000114013,0,2,0,micro;raw;shoulder
158,7.545056,5,0.7GPa;2.3GPa;7.4GPa;13.3GPa;15.6GPa,0.0118875,2,3,0,matched;micro;raw;residual;shoulder
159,7.583402,9,1GPa;1.5GPa;2.4GPa_decomp;5GPa;7.4GPa;9.8GPa;10.4GPa;13.3GPa;15.6GPa,0.117707,4,6,0,bump;matched;micro;raw;residual;shoulder
160,7.599661,11,0.7GPa;1GPa;1.3GPa;1.5GPa;2.4GPa_decomp;3.9GPa;7.4GPa;8.5GPa;9.8GPa;12.8GPa;15.6GPa,0.654684,6,5,0,bump;matched;micro;raw;residual;shoulder
161,7.646529,11,0.7GPa;1GPa;2.3GPa;6.6GPa;7.4GPa;8.5GPa;9.8GPa;10.4GPa;12.8GPa;13.3GPa;15.6GPa,0.0225793,7,6,0,bump;matched;micro;raw;residual;shoulder
162,7.678479,8,0.7GPa;1GPa;3.9GPa;5GPa;6.2GPa;6.6GPa;8.5GPa;13.3GPa,0.453579,7,2,0,bump;matched;micro;raw;residual;shoulder
163,7.714040,8,0.7GPa;1.3GPa;1.5GPa;3.9GPa;5GPa;6.2GPa;13.3GPa;15.6GPa,0.658837,7,3,0,bump;matched;micro;raw;residual;shoulder
164,7.742859,6,1.3GPa;5GPa;6.2GPa;7.4GPa;8.5GPa;10.4GPa,0.0141594,2,4,0,bump;matched;micro;raw;residual;shoulder
165,7.798503,9,1GPa;1.5GPa;2.4GPa_decomp;3.9GPa;7.4GPa;8.5GPa;9.8GPa;10.4GPa;13.3GPa,1,7,7,0,bump;matched;micro;raw;residual;shoulder
166,7.822052,6,0.7GPa;1.5GPa;2.4GPa_decomp;8.5GPa;9.8GPa;12.8GPa,0.359003,3,3,0,bump;matched;micro;raw;residual;shoulder
167,7.854346,7,1.3GPa;2.3GPa;2.4GPa_decomp;9.8GPa;10.4GPa;12.8GPa;15.6GPa,0.275788,4,5,0,bump;matched;micro;raw;residual;shoulder
168,7.899779,5,1GPa;3.9GPa;6.6GPa;7.4GPa;10.4GPa,1,1,4,0,matched;micro;raw;shoulder
169,7.916476,5,1.3GPa;3.9GPa;8.5GPa;9.8GPa;15.6GPa,0.56156,2,3,0,bump;matched;micro;raw;residual;shoulder
170,7.963363,6,0.7GPa;2.4GPa_decomp;5GPa;6.2GPa;6.6GPa;13.3GPa,0.0575123,3,3,0,bump;matched;micro;raw;residual;shoulder
171,8.006504,5,0.7GPa;1GPa;7.4GPa;8.5GPa;10.4GPa,0.0546376,6,0,0,bump;matched;micro;raw;residual;shoulder
172,8.041517,6,1GPa;1.5GPa;3.9GPa;6.6GPa;9.8GPa;12.8GPa,0.859788,6,1,0,bump;matched;micro;raw;residual;shoulder
173,8.061055,6,1.3GPa;1.5GPa;2.3GPa;6.6GPa;12.8GPa;13.3GPa,0.989337,6,1,0,bump;matched;micro;raw;residual;shoulder
174,8.106667,5,0.7GPa;2.3GPa;2.4GPa_decomp;6.2GPa;6.6GPa,0.131006,3,2,0,bump;matched;micro;raw;residual;shoulder
175,8.130716,3,0.7GPa;3.9GPa;6.6GPa,0.0444745,4,0,0,matched;micro;raw;shoulder
176,8.168460,6,0.7GPa;1GPa;2.3GPa;3.9GPa;5GPa;15.6GPa,0.0503484,3,3,0,bump;matched;micro;raw;shoulder
177,8.193030,5,1.3GPa;2.4GPa_decomp;5GPa;6.2GPa;10.4GPa,0.0176021,6,1,0,bump;matched;micro;raw;residual;shoulder
178,8.224169,8,1GPa;1.5GPa;2.4GPa_decomp;5GPa;6.2GPa;7.4GPa;8.5GPa;10.4GPa,0.22974,7,3,0,bump;matched;micro;raw;residual;shoulder
179,8.253338,10,1GPa;1.3GPa;1.5GPa;2.4GPa_decomp;3.9GPa;6.6GPa;7.4GPa;8.5GPa;9.8GPa;15.6GPa,0.316436,8,6,0,bump;matched;micro;raw;residual;shoulder
180,8.280945,8,1GPa;2.3GPa;2.4GPa_decomp;5GPa;8.5GPa;9.8GPa;10.4GPa;12.8GPa,0.384519,8,2,0,bump;matched;micro;raw;residual;shoulder
181,8.323819,7,0.7GPa;1GPa;2.3GPa;6.2GPa;9.8GPa;12.8GPa;13.3GPa,0.203629,4,4,0,bump;matched;micro;raw;residual;shoulder
182,8.345839,7,1.5GPa;3.9GPa;5GPa;7.4GPa;10.4GPa;13.3GPa;15.6GPa,0.000451516,1,6,0,micro;raw;shoulder
183,8.374289,2,3.9GPa;15.6GPa,0,0,2,0,matched;residual
184,8.420329,5,5GPa;6.2GPa;6.6GPa;9.8GPa;13.3GPa,0.0150725,2,4,0,matched;micro;raw;residual;shoulder
185,8.440657,4,3.9GPa;6.2GPa;8.5GPa;15.6GPa,0.556434,4,1,0,matched;micro;raw;residual;shoulder
186,8.478543,7,0.7GPa;1.3GPa;2.3GPa;7.4GPa;8.5GPa;9.8GPa;10.4GPa,0.0979092,3,6,0,matched;micro;raw;residual;shoulder
187,8.501226,2,7.4GPa;9.8GPa,0.145066,2,2,0,matched;micro;raw;shoulder
188,8.547506,4,2.3GPa;7.4GPa;9.8GPa;12.8GPa,0.140729,2,3,0,matched;micro;raw;shoulder
189,8.572916,6,1GPa;5GPa;9.8GPa;10.4GPa;12.8GPa;15.6GPa,0.407887,3,4,0,matched;micro;raw;residual;shoulder
190,8.605574,4,1GPa;3.9GPa;8.5GPa;15.6GPa,8.50884e-06,1,4,0,micro;raw;shoulder
191,8.641886,6,1.5GPa;6.2GPa;7.4GPa;8.5GPa;10.4GPa;13.3GPa,0.00607116,4,3,0,bump;matched;micro;raw;shoulder
192,8.674413,6,0.7GPa;1GPa;2.4GPa_decomp;9.8GPa;12.8GPa;15.6GPa,0.495988,5,3,0,bump;matched;micro;raw;residual;shoulder
193,8.698683,6,1GPa;2.3GPa;2.4GPa_decomp;8.5GPa;9.8GPa;10.4GPa,0.367807,4,4,0,bump;matched;micro;raw;shoulder
194,8.729662,3,2.3GPa;2.4GPa_decomp;3.9GPa,0.0982174,3,1,0,matched;micro;raw;shoulder
195,8.767421,5,2.3GPa;5GPa;6.2GPa;12.8GPa;13.3GPa,0.018173,3,4,0,bump;matched;micro;raw;shoulder
196,8.803706,5,1GPa;5GPa;6.2GPa;9.8GPa;10.4GPa,0.00937508,2,3,0,matched;micro;raw;shoulder
197,8.840323,6,2.3GPa;3.9GPa;5GPa;6.2GPa;7.4GPa;9.8GPa,0.00648316,4,6,0,bump;matched;micro;raw;residual;shoulder
198,8.869954,7,1.5GPa;3.9GPa;5GPa;7.4GPa;8.5GPa;9.8GPa;13.3GPa,0.0161151,5,4,0,matched;micro;raw;shoulder
199,8.892082,7,0.7GPa;1GPa;1.5GPa;5GPa;7.4GPa;8.5GPa;9.8GPa,0.00580159,2,6,0,bump;matched;micro;raw;residual;shoulder
200,8.924346,7,1GPa;1.3GPa;5GPa;6.2GPa;9.8GPa;12.8GPa;15.6GPa,0.155637,7,3,0,bump;matched;micro;raw;residual;shoulder
201,8.962157,5,1GPa;1.5GPa;2.3GPa;9.8GPa;12.8GPa,0.00648724,3,3,0,bump;matched;micro;raw;shoulder
202,8.990237,4,2.3GPa;5GPa;9.8GPa;15.6GPa,0.00803877,2,2,0,bump;matched;micro;residual
203,9.046025,7,1GPa;3.9GPa;5GPa;6.2GPa;6.6GPa;9.8GPa;15.6GPa,0.0370008,5,3,0,bump;matched;raw;residual;shoulder
204,9.074369,8,3.9GPa;5GPa;6.2GPa;7.4GPa;8.5GPa;9.8GPa;10.4GPa;15.6GPa,0.0248579,7,5,0,matched;micro;raw;shoulder
205,9.102263,8,1GPa;1.5GPa;2.3GPa;6.2GPa;6.6GPa;7.4GPa;8.5GPa;9.8GPa,0.907589,5,4,0,bump;matched;micro;raw;shoulder
206,9.130544,6,1.5GPa;6.2GPa;6.6GPa;7.4GPa;10.4GPa;13.3GPa,0.0039035,3,3,0,matched;micro;raw;residual;shoulder
207,9.170933,7,2.3GPa;6.2GPa;6.6GPa;8.5GPa;9.8GPa;10.4GPa;13.3GPa,0.398706,6,2,0,bump;matched;micro;raw;residual;shoulder
208,9.199949,4,2.3GPa;7.4GPa;10.4GPa;13.3GPa,0.00972661,4,1,0,bump;matched;micro;raw;shoulder
209,9.237447,4,3.9GPa;7.4GPa;12.8GPa;13.3GPa,0.000949037,3,1,0,bump;micro;raw;shoulder
210,9.271309,5,1GPa;7.4GPa;10.4GPa;12.8GPa;13.3GPa,0.000568339,1,4,0,bump;micro;raw;shoulder
211,9.306550,4,1.3GPa;1.5GPa;5GPa;8.5GPa,0.00348631,1,4,0,bump;matched;micro;raw;shoulder
212,9.338494,4,2.4GPa_decomp;6.2GPa;6.6GPa;8.5GPa,0.757706,2,2,0,bump;matched;micro;raw;shoulder
213,9.369401,5,1GPa;2.4GPa_decomp;5GPa;6.2GPa;9.8GPa,0.0489802,3,3,0,bump;matched;micro;raw;residual;shoulder
214,9.395331,8,0.7GPa;1.3GPa;1.5GPa;7.4GPa;8.5GPa;9.8GPa;13.3GPa;15.6GPa,1,9,2,0,bump;matched;micro;raw;residual;shoulder
215,9.433925,4,2.3GPa;3.9GPa;7.4GPa;12.8GPa,1,1,3,0,bump;matched;micro;raw;shoulder
216,9.450095,3,2.3GPa;6.6GPa;8.5GPa,0.00460416,2,1,0,bump;matched;micro;raw;residual;shoulder
217,9.480984,5,1GPa;6.6GPa;8.5GPa;9.8GPa;10.4GPa,0.188641,2,3,0,bump;matched;micro;raw;residual;shoulder
218,9.513614,3,1.5GPa;3.9GPa;13.3GPa,0.521139,2,1,0,bump;matched;micro;raw;residual;shoulder
219,9.560449,1,5GPa,0.00178373,1,0,0,bump;matched;micro;raw;residual;shoulder
220,9.592521,4,0.7GPa;1.3GPa;1.5GPa;6.2GPa,0.00748807,1,4,0,bump;matched;micro;raw;residual;shoulder
221,9.633151,4,3.9GPa;7.4GPa;8.5GPa;15.6GPa,0.00477941,2,2,0,bump;matched;micro;raw;residual;shoulder
222,9.670377,4,0.7GPa;1GPa;6.6GPa;9.8GPa,0.00840032,2,3,0,bump;matched;micro;raw;residual;shoulder
223,9.702888,4,1.3GPa;1.5GPa;10.4GPa;12.8GPa,0.0563366,1,3,0,bump;matched;micro;raw;residual;shoulder
224,9.740329,4,1GPa;1.5GPa;2.3GPa;3.9GPa,0.00013814,2,3,0,bump;micro;raw;shoulder
225,9.766064,1,3.9GPa,0.0219676,2,0,0,matched;residual
226,9.807335,7,1GPa;1.5GPa;2.3GPa;3.9GPa;5GPa;6.2GPa;7.4GPa,0.0160999,8,2,0,bump;matched;micro;raw;shoulder
227,9.829355,6,1GPa;2.3GPa;2.4GPa_decomp;3.9GPa;5GPa;6.2GPa,0.183261,4,3,0,bump;matched;micro;raw;shoulder
228,9.874274,4,1GPa;1.5GPa;2.4GPa_decomp;3.9GPa,0.0171238,4,1,0,matched;residual
229,9.917810,6,0.7GPa;1.5GPa;2.4GPa_decomp;6.2GPa;8.5GPa;15.6GPa,0.44345,7,3,0,bump;matched;micro;raw;residual;shoulder
230,9.943391,4,1.3GPa;1.5GPa;6.2GPa;9.8GPa,0.110755,3,1,0,bump;matched;micro;raw;residual;shoulder
231,9.985616,3,2.3GPa;2.4GPa_decomp;9.8GPa,0.0518516,2,1,0,matched;micro;raw;shoulder
232,10.013829,5,2.3GPa;3.9GPa;6.6GPa;7.4GPa;12.8GPa,0.00357991,3,2,0,bump;matched;micro;raw;residual;shoulder
233,10.055210,7,1.5GPa;3.9GPa;5GPa;7.4GPa;8.5GPa;10.4GPa;12.8GPa,0.0483247,3,5,0,bump;matched;micro;raw;residual;shoulder
234,10.082301,2,5GPa;13.3GPa,0.199365,3,0,0,bump;matched;micro;raw;residual;shoulder
235,10.101736,4,2.3GPa;5GPa;6.2GPa;9.8GPa,0.215457,2,3,0,matched;micro;raw;residual;shoulder
236,10.136729,4,3.9GPa;6.2GPa;7.4GPa;8.5GPa,0.118105,3,2,0,bump;matched;micro;raw;residual;shoulder
237,10.168426,8,0.7GPa;1GPa;1.3GPa;1.5GPa;3.9GPa;7.4GPa;8.5GPa;9.8GPa,0.297815,3,6,0,bump;matched;micro;raw;residual;shoulder
238,10.206580,5,1GPa;1.5GPa;2.3GPa;8.5GPa;9.8GPa,0.816516,4,3,0,matched;micro;raw;residual;shoulder
239,10.243535,4,0.7GPa;2.3GPa;9.8GPa;12.8GPa,1,3,2,0,bump;matched;micro;raw;shoulder
240,10.281990,5,0.7GPa;1GPa;2.3GPa;9.8GPa;12.8GPa,0.00082878,1,4,0,matched;micro;raw;residual;shoulder
241,10.328086,5,1.5GPa;2.3GPa;3.9GPa;5GPa;15.6GPa,0.00123664,0,5,0,bump;matched;micro;raw;residual;shoulder
242,10.364363,4,0.7GPa;2.4GPa_decomp;5GPa;6.2GPa,0.00820487,0,4,0,matched;micro;raw;shoulder
243,10.435574,5,0.7GPa;2.3GPa;6.2GPa;8.5GPa;12.8GPa,0.00122601,0,5,0,bump;matched;raw;residual;shoulder
244,10.476643,2,0.7GPa;10.4GPa,0.039602,0,2,0,matched;shoulder
245,10.515759,2,1GPa;15.6GPa,1,1,1,0,bump;matched;micro;raw;residual;shoulder
246,10.558034,2,1.5GPa;15.6GPa,0.00557199,2,0,0,bump;matched;residual
247,10.608767,9,0.7GPa;1GPa;1.3GPa;1.5GPa;2.3GPa;3.9GPa;6.2GPa;7.4GPa;15.6GPa,0.61585,9,2,0,bump;matched;micro;raw;residual;shoulder
248,10.646925,8,2.3GPa;2.4GPa_decomp;3.9GPa;5GPa;6.2GPa;7.4GPa;8.5GPa;13.3GPa,1,10,0,0,bump;matched;micro;raw;residual;shoulder
249,10.673075,8,2.4GPa_decomp;3.9GPa;5GPa;6.2GPa;6.6GPa;7.4GPa;8.5GPa;9.8GPa,0.265965,13,0,0,bump;matched;micro;raw;residual;shoulder
250,10.704100,7,1GPa;5GPa;6.2GPa;7.4GPa;9.8GPa;10.4GPa;12.8GPa,0.320289,7,0,0,bump;matched;micro;raw;residual;shoulder
251,10.733626,5,1GPa;1.5GPa;6.2GPa;12.8GPa;13.3GPa,0.556574,6,0,0,bump;matched;micro;raw;residual;shoulder
252,10.762425,1,1.5GPa,0.19672,1,0,0,matched;micro;raw;shoulder
253,10.816963,7,0.7GPa;1.3GPa;2.3GPa;3.9GPa;7.4GPa;12.8GPa;15.6GPa,0.0248359,3,6,0,bump;matched;micro;raw;residual;shoulder
254,10.841502,2,6.2GPa;7.4GPa,0.000101536,0,2,0,micro;raw;shoulder
255,10.883870,4,0.7GPa;1GPa;3.9GPa;12.8GPa,0.419052,2,4,0,bump;matched;micro;raw;residual;shoulder
256,10.904780,6,1.3GPa;1.5GPa;5GPa;8.5GPa;9.8GPa;15.6GPa,6.03066e-05,1,5,0,bump;matched;micro;raw;residual;shoulder
257,10.956457,5,5GPa;6.2GPa;6.6GPa;10.4GPa;15.6GPa,1,2,3,0,matched;micro;raw;shoulder
258,10.991096,5,1GPa;2.4GPa_decomp;5GPa;6.2GPa;7.4GPa,0.31945,5,2,0,bump;matched;micro;raw;residual;shoulder
259,11.033150,8,1GPa;1.5GPa;2.4GPa_decomp;3.9GPa;6.6GPa;7.4GPa;8.5GPa;9.8GPa,0.61729,9,2,0,bump;matched;micro;raw;residual;shoulder
260,11.071070,5,2.3GPa;2.4GPa_decomp;5GPa;8.5GPa;9.8GPa,0.684311,6,0,0,bump;matched;micro;raw;residual;shoulder
261,11.096601,7,0.7GPa;2.3GPa;2.4GPa_decomp;5GPa;12.8GPa;13.3GPa;15.6GPa,0.677533,3,5,0,matched;micro;raw;shoulder
262,11.126180,2,2.4GPa_decomp;6.2GPa,0.0242155,1,1,0,matched;micro;raw;shoulder
263,11.150143,5,0.7GPa;1.3GPa;3.9GPa;6.6GPa;12.8GPa,0.300094,2,3,0,bump;matched;micro;raw;residual;shoulder
264,11.200411,2,3.9GPa;5GPa,1,3,0,0,bump;matched;micro;raw;residual;shoulder
265,11.245706,3,2.3GPa;6.2GPa;6.6GPa,1,2,2,0,bump;matched;micro;raw;residual;shoulder
266,11.291496,5,1GPa;6.6GPa;7.4GPa;10.4GPa;12.8GPa,1,7,2,0,bump;matched;micro;raw;residual;shoulder
267,11.324044,7,1GPa;1.5GPa;3.9GPa;8.5GPa;9.8GPa;10.4GPa;12.8GPa,0.0267931,6,2,0,bump;matched;micro;raw;residual;shoulder
268,11.363412,1,1.5GPa,0.00651666,1,0,0,matched
269,11.397018,1,2.3GPa,0.0497072,2,0,0,bump;matched;micro;raw;residual;shoulder
270,11.442408,2,6.2GPa;12.8GPa,0.164933,2,1,0,bump;matched;micro;raw;shoulder
271,11.458774,3,0.7GPa;3.9GPa;6.2GPa,0.0444352,2,1,0,bump;matched;micro;raw;residual;shoulder
272,11.499311,5,1.3GPa;3.9GPa;6.6GPa;8.5GPa;15.6GPa,0.0633583,3,2,0,bump;matched;micro;raw;residual;shoulder
273,11.528085,4,3.9GPa;5GPa;8.5GPa;10.4GPa,1,4,1,0,bump;matched;micro;raw;shoulder
274,11.556451,4,1GPa;5GPa;6.2GPa;10.4GPa,0.0211072,5,0,0,bump;matched;micro;raw;residual;shoulder
275,11.584929,3,6.2GPa;6.6GPa;7.4GPa,0.0107656,3,0,0,bump;matched;micro;raw;residual;shoulder
276,11.632226,3,2.3GPa;7.4GPa;8.5GPa,0.0387018,2,1,0,bump;matched;micro;raw;shoulder
277,11.663952,5,5GPa;7.4GPa;8.5GPa;9.8GPa;12.8GPa,0.0725103,5,2,0,bump;matched;micro;raw;shoulder
278,11.710708,8,0.7GPa;1.3GPa;3.9GPa;5GPa;9.8GPa;12.8GPa;13.3GPa;15.6GPa,0.0390417,4,6,0,bump;matched;micro;raw;residual;shoulder
279,11.753173,5,0.7GPa;1GPa;5GPa;6.2GPa;13.3GPa,0.0524033,2,4,0,bump;matched;micro;raw;shoulder
280,11.778156,3,1GPa;1.5GPa;8.5GPa,0.0652475,3,1,0,bump;matched;micro;raw;shoulder
281,11.807565,4,1.3GPa;1.5GPa;3.9GPa;9.8GPa,0.0253573,1,3,0,matched;micro;raw;shoulder
282,11.837922,2,1GPa;2.3GPa,0.0451245,2,1,0,bump;matched;micro;raw;residual;shoulder
283,11.880232,4,0.7GPa;6.2GPa;7.4GPa;12.8GPa,0.00742927,0,4,0,matched;micro;raw;shoulder
284,11.929870,6,1GPa;1.3GPa;3.9GPa;7.4GPa;8.5GPa;13.3GPa,0.0331541,4,4,0,bump;matched;micro;raw;shoulder
285,11.967093,6,0.7GPa;3.9GPa;5GPa;9.8GPa;10.4GPa;15.6GPa,0.0765938,4,4,0,bump;matched;micro;raw;shoulder
286,12.004774,3,1.3GPa;5GPa;6.2GPa,0.0114747,3,0,0,bump;matched;micro;raw;shoulder
287,12.030774,4,1GPa;1.5GPa;3.9GPa;6.2GPa,0.0127175,2,3,0,matched;micro;raw;residual;shoulder
288,12.062840,7,1.5GPa;2.3GPa;7.4GPa;10.4GPa;12.8GPa;13.3GPa;15.6GPa,0.013996,2,6,0,bump;matched;micro;raw;shoulder
289,12.093826,6,0.7GPa;1.3GPa;3.9GPa;7.4GPa;8.5GPa;9.8GPa,0.0212652,4,3,0,bump;matched;micro;raw;shoulder
290,12.141705,8,1GPa;2.3GPa;2.4GPa_decomp;5GPa;6.6GPa;8.5GPa;9.8GPa;12.8GPa,0.260532,7,3,0,bump;matched;micro;raw;residual;shoulder
291,12.171766,7,1GPa;1.3GPa;1.5GPa;2.3GPa;6.6GPa;12.8GPa;15.6GPa,0.265357,3,5,0,matched;micro;raw;residual;shoulder
292,12.202149,4,2.3GPa;6.2GPa;7.4GPa;12.8GPa,0.00611796,2,3,0,matched;micro;raw;residual;shoulder
293,12.248820,5,1.5GPa;5GPa;9.8GPa;10.4GPa;15.6GPa,0.00596324,3,3,0,bump;matched;micro;raw;shoulder
294,12.280555,4,0.7GPa;1.3GPa;3.9GPa;5GPa,0.101358,3,1,0,matched;micro;raw;shoulder
295,12.312070,8,1GPa;2.3GPa;3.9GPa;5GPa;6.2GPa;7.4GPa;10.4GPa;15.6GPa,0.0784391,5,5,0,matched;micro;raw;shoulder
296,12.341471,8,1.5GPa;3.9GPa;5GPa;6.2GPa;6.6GPa;9.8GPa;10.4GPa;15.6GPa,0.1076,5,4,0,matched;micro;raw;residual;shoulder
297,12.364165,3,1GPa;9.8GPa;12.8GPa,0.00128511,1,2,0,micro;raw;shoulder
298,12.398860,7,0.7GPa;2.3GPa;6.2GPa;6.6GPa;7.4GPa;8.5GPa;13.3GPa,0.57216,4,4,0,matched;micro;raw;residual;shoulder
299,12.435389,9,0.7GPa;1GPa;5GPa;6.2GPa;7.4GPa;8.5GPa;9.8GPa;12.8GPa;15.6GPa,0.648247,9,3,0,bump;matched;micro;raw;residual;shoulder
300,12.457224,10,0.7GPa;1GPa;1.5GPa;3.9GPa;6.6GPa;7.4GPa;8.5GPa;9.8GPa;10.4GPa;12.8GPa,0.322547,6,5,0,matched;micro;raw;residual;shoulder
301,12.484556,9,1GPa;1.3GPa;2.3GPa;3.9GPa;5GPa;6.2GPa;7.4GPa;9.8GPa;13.3GPa,0.00669916,2,8,0,bump;matched;micro;raw;residual;shoulder
302,12.517073,6,0.7GPa;1.3GPa;3.9GPa;9.8GPa;10.4GPa;15.6GPa,0.248898,5,2,0,bump;matched;micro;raw;residual;shoulder
303,12.552228,9,1GPa;1.3GPa;1.5GPa;2.3GPa;6.6GPa;9.8GPa;10.4GPa;12.8GPa;15.6GPa,0.0283197,5,6,0,bump;matched;micro;raw;residual;shoulder
304,12.593728,6,0.7GPa;1GPa;1.5GPa;3.9GPa;8.5GPa;12.8GPa,0.00180981,2,5,0,bump;matched;micro;raw;shoulder
305,12.640937,10,1.3GPa;1.5GPa;2.3GPa;5GPa;6.2GPa;7.4GPa;9.8GPa;10.4GPa;13.3GPa;15.6GPa,0.0286468,6,8,0,bump;matched;micro;raw;residual;shoulder
306,12.669776,8,0.7GPa;1GPa;1.5GPa;2.3GPa;6.2GPa;7.4GPa;8.5GPa;12.8GPa,0.00876284,3,5,0,bump;matched;micro;raw;shoulder
307,12.692701,9,1.5GPa;2.3GPa;3.9GPa;5GPa;6.6GPa;9.8GPa;12.8GPa;13.3GPa;15.6GPa,0.0068615,3,6,0,bump;matched;micro;raw;residual;shoulder
308,12.733688,4,1GPa;3.9GPa;10.4GPa;13.3GPa,0.250949,2,2,0,matched;micro;raw;shoulder
309,12.761990,5,0.7GPa;7.4GPa;8.5GPa;10.4GPa;13.3GPa,0.0196982,4,2,0,bump;matched;micro;raw;shoulder
310,12.799138,8,2.3GPa;3.9GPa;5GPa;6.6GPa;8.5GPa;9.8GPa;13.3GPa;15.6GPa,0.0134566,4,7,0,bump;matched;micro;raw;shoulder
311,12.831839,7,0.7GPa;1.3GPa;3.9GPa;6.2GPa;8.5GPa;9.8GPa;12.8GPa,0.0355958,4,3,0,bump;matched;micro;raw;residual;shoulder
312,12.857159,6,0.7GPa;6.2GPa;8.5GPa;10.4GPa;12.8GPa;15.6GPa,0.027502,1,5,0,bump;matched;micro;raw;shoulder
313,12.898443,8,0.7GPa;1GPa;1.5GPa;5GPa;6.6GPa;8.5GPa;12.8GPa;13.3GPa,0.0235692,8,2,0,bump;matched;micro;raw;residual;shoulder
314,12.913992,4,1.3GPa;1.5GPa;3.9GPa;9.8GPa,0.0270725,2,3,0,bump;matched;micro;raw;residual;shoulder
315,12.953746,4,3.9GPa;7.4GPa;10.4GPa;13.3GPa,0.00718684,2,3,0,matched;micro;raw;residual;shoulder
316,12.984518,6,2.3GPa;5GPa;7.4GPa;10.4GPa;13.3GPa;15.6GPa,0.0144152,4,3,0,bump;matched;micro;raw;residual;shoulder
317,13.025021,3,6.2GPa;10.4GPa;13.3GPa,4.48704e-05,2,1,0,micro;raw;shoulder
318,13.056941,3,0.7GPa;1GPa;6.6GPa,0.00209214,0,3,0,matched;micro;raw;shoulder
319,13.087343,3,2.3GPa;3.9GPa;8.5GPa,0.00632825,2,3,0,bump;matched;micro;raw;residual;shoulder
320,13.126742,5,0.7GPa;5GPa;8.5GPa;13.3GPa;15.6GPa,0.100128,6,1,0,bump;matched;micro;raw;residual;shoulder
321,13.173823,13,0.7GPa;1.5GPa;2.3GPa;2.4GPa_decomp;3.9GPa;5GPa;6.2GPa;6.6GPa;8.5GPa;9.8GPa;10.4GPa;12.8GPa;13.3GPa,0.282884,14,5,0,bump;matched;micro;raw;residual;shoulder
322,13.208500,9,1.3GPa;1.5GPa;2.4GPa_decomp;6.2GPa;7.4GPa;8.5GPa;9.8GPa;12.8GPa;15.6GPa,0.0724503,9,4,0,bump;matched;micro;raw;residual;shoulder
323,13.226833,6,0.7GPa;2.4GPa_decomp;7.4GPa;8.5GPa;9.8GPa;12.8GPa,0.107004,3,3,0,bump;matched;micro;raw;shoulder
324,13.268590,7,0.7GPa;1GPa;1.3GPa;6.6GPa;7.4GPa;9.8GPa;13.3GPa,0.00972991,4,4,0,bump;matched;micro;raw;residual;shoulder
325,13.312011,6,1.3GPa;1.5GPa;3.9GPa;6.2GPa;12.8GPa;15.6GPa,0.215982,3,4,0,matched;micro;raw;shoulder
326,13.351751,8,0.7GPa;1GPa;1.3GPa;2.3GPa;3.9GPa;6.6GPa;7.4GPa;10.4GPa,0.0988676,8,2,0,bump;matched;micro;raw;residual;shoulder
327,13.384804,5,1GPa;1.3GPa;2.3GPa;6.6GPa;7.4GPa,0.0768006,5,1,0,bump;matched;micro;raw;residual;shoulder
328,13.410347,7,0.7GPa;1.5GPa;6.2GPa;6.6GPa;8.5GPa;9.8GPa;15.6GPa,0.0743854,5,4,0,bump;matched;micro;raw;residual;shoulder
329,13.451058,3,3.9GPa;8.5GPa;9.8GPa,0.0308962,3,1,0,matched;micro;residual
330,13.494889,4,1GPa;1.3GPa;2.3GPa;10.4GPa,0.0465869,0,5,0,matched;micro;raw;shoulder
331,13.547301,5,0.7GPa;1.3GPa;6.6GPa;13.3GPa;15.6GPa,0.0578423,2,3,0,bump;matched;micro;raw;residual;shoulder
332,13.577400,3,1GPa;3.9GPa;10.4GPa,0.00245903,2,2,0,bump;matched;micro;raw;residual;shoulder
333,13.624605,4,1.3GPa;1.5GPa;5GPa;9.8GPa,0.0093087,3,1,0,bump;matched;micro;raw;residual;shoulder
334,13.654971,4,1GPa;6.6GPa;9.8GPa;15.6GPa,0.00402721,1,3,0,matched;micro;raw;shoulder
335,13.687771,5,0.7GPa;1GPa;2.3GPa;6.2GPa;10.4GPa,0.0157033,5,0,0,bump;matched;micro;raw;residual;shoulder
336,13.727006,8,0.7GPa;1GPa;2.3GPa;3.9GPa;6.6GPa;7.4GPa;8.5GPa;9.8GPa,0.0421052,5,5,0,bump;matched;micro;raw;residual;shoulder
337,13.769559,8,1GPa;1.3GPa;1.5GPa;8.5GPa;9.8GPa;10.4GPa;13.3GPa;15.6GPa,0.019464,4,5,0,bump;matched;micro;raw;shoulder
338,13.814797,4,1.5GPa;6.6GPa;9.8GPa;12.8GPa,0.0301971,4,1,0,bump;matched;micro;raw;residual;shoulder
339,13.828375,2,6.6GPa;12.8GPa,0.0331061,2,0,0,bump;matched;shoulder
340,13.860063,7,0.7GPa;1.5GPa;2.3GPa;3.9GPa;5GPa;6.6GPa;10.4GPa,0.0274167,2,7,0,bump;matched;micro;raw;residual;shoulder
341,13.923019,5,3.9GPa;6.2GPa;6.6GPa;8.5GPa;15.6GPa,0.0036713,1,4,0,bump;matched;micro;raw;residual;shoulder
342,13.950580,9,0.7GPa;1GPa;2.3GPa;2.4GPa_decomp;3.9GPa;7.4GPa;10.4GPa;13.3GPa;15.6GPa,0.0522466,3,8,0,bump;matched;micro;raw;residual;shoulder
343,13.998443,4,0.7GPa;6.6GPa;10.4GPa;15.6GPa,0.0779833,1,3,0,matched;micro;raw;shoulder
344,14.030919,5,0.7GPa;1GPa;1.3GPa;5GPa;9.8GPa,0.00294527,3,2,0,bump;matched;micro;raw;residual;shoulder
345,14.061432,7,0.7GPa;1.5GPa;2.4GPa_decomp;6.2GPa;10.4GPa;13.3GPa;15.6GPa,0.292057,4,4,0,bump;matched;micro;raw;shoulder
346,14.093080,5,1.3GPa;1.5GPa;6.2GPa;7.4GPa;8.5GPa,0.0585424,7,0,0,bump;matched;raw;residual
347,14.135506,14,0.7GPa;1GPa;1.3GPa;2.3GPa;2.4GPa_decomp;5GPa;6.2GPa;6.6GPa;7.4GPa;8.5GPa;10.4GPa;12.8GPa;13.3GPa;15.6GPa,0.230531,16,4,0,bump;matched;micro;raw;residual;shoulder
348,14.174773,3,9.8GPa;12.8GPa;13.3GPa,0.210616,4,0,0,bump;matched;residual
349,14.196527,11,0.7GPa;1.3GPa;2.3GPa;6.2GPa;6.6GPa;7.4GPa;9.8GPa;10.4GPa;12.8GPa;13.3GPa;15.6GPa,0.106459,3,13,0,bump;matched;micro;raw;residual;shoulder
350,14.246781,4,1GPa;1.5GPa;3.9GPa;7.4GPa,0.162108,2,4,0,bump;matched;micro;raw;residual;shoulder
351,14.288131,3,1GPa;2.3GPa;6.6GPa,0.00413776,2,2,0,matched;micro;raw;shoulder
352,14.328387,4,5GPa;10.4GPa;13.3GPa;15.6GPa,0.0136598,5,0,0,bump;matched;micro;raw;residual;shoulder
353,14.376814,5,0.7GPa;5GPa;6.2GPa;6.6GPa;10.4GPa,0.0206802,6,0,0,bump;matched;micro;raw;residual;shoulder
354,14.403126,3,1.5GPa;10.4GPa;15.6GPa,0.00028298,2,1,0,bump;micro;raw;shoulder
355,14.460645,5,1GPa;2.3GPa;5GPa;13.3GPa;15.6GPa,0.0256798,4,2,0,matched;micro;raw;residual;shoulder
356,14.486595,8,1GPa;1.3GPa;3.9GPa;6.2GPa;6.6GPa;10.4GPa;13.3GPa;15.6GPa,0.0278444,5,4,0,bump;matched;micro;raw;residual;shoulder
357,14.525284,4,1.5GPa;2.4GPa_decomp;7.4GPa;13.3GPa,0.00651583,4,1,0,bump;matched;micro;raw;residual;shoulder
358,14.543351,5,2.4GPa_decomp;5GPa;6.2GPa;6.6GPa;13.3GPa,0.0433167,2,3,0,bump;matched;micro;raw;residual;shoulder
359,14.589767,4,2.3GPa;3.9GPa;8.5GPa;9.8GPa,0.335267,3,2,0,bump;matched;micro;raw;residual;shoulder
360,14.607573,7,1GPa;1.3GPa;2.3GPa;5GPa;8.5GPa;9.8GPa;10.4GPa,1,5,3,0,bump;matched;micro;raw;residual;shoulder
361,14.645699,4,0.7GPa;2.3GPa;3.9GPa;12.8GPa,0.607908,4,1,0,bump;matched;micro;raw;residual;shoulder
362,14.684595,2,1.5GPa;6.6GPa,0.000609681,0,3,0,matched;micro;raw;shoulder
363,14.704957,4,1.3GPa;3.9GPa;10.4GPa;15.6GPa,0.0313994,3,2,0,bump;matched;micro;raw;residual;shoulder
364,14.746793,6,0.7GPa;1GPa;3.9GPa;5GPa;10.4GPa;13.3GPa,0.0518398,6,0,0,matched;micro;raw;shoulder
365,14.767833,3,1GPa;5GPa;13.3GPa,0.0435883,4,0,0,bump;matched;micro;raw;residual;shoulder
366,14.811073,6,1GPa;1.3GPa;6.2GPa;10.4GPa;13.3GPa;15.6GPa,0.0298435,4,2,0,bump;matched;micro;raw;residual;shoulder
367,14.856921,5,0.7GPa;1GPa;1.5GPa;7.4GPa;15.6GPa,0.0213707,3,2,0,bump;matched;micro;raw;shoulder
368,14.874469,6,1.3GPa;1.5GPa;3.9GPa;7.4GPa;10.4GPa;13.3GPa,0.0134036,4,3,0,matched;micro;raw;residual;shoulder
369,14.907328,3,8.5GPa;10.4GPa;12.8GPa,0.0105032,2,1,0,bump;matched;micro;raw;residual;shoulder
370,14.953430,4,2.3GPa;9.8GPa;12.8GPa;15.6GPa,0.315589,6,2,0,bump;matched;micro;raw;shoulder
371,14.992362,2,3.9GPa;9.8GPa,0.0718095,2,1,0,bump;matched;micro;raw;residual;shoulder
372,15.021803,4,0.7GPa;1GPa;1.5GPa;10.4GPa,0.00674259,3,3,0,bump;matched;micro;raw;residual;shoulder
373,15.058301,6,1GPa;1.3GPa;1.5GPa;2.3GPa;3.9GPa;5GPa,0.0466828,4,3,0,bump;matched;micro;raw;residual;shoulder
374,15.089471,3,2.4GPa_decomp;5GPa;15.6GPa,0.0963989,5,0,0,bump;matched;micro;raw;residual;shoulder
375,15.128994,8,2.3GPa;2.4GPa_decomp;6.2GPa;6.6GPa;7.4GPa;8.5GPa;10.4GPa;15.6GPa,0.0185579,6,5,0,bump;matched;micro;raw;residual;shoulder
376,15.144074,3,0.7GPa;1GPa;6.2GPa,0.0489298,2,1,0,bump;matched;micro;raw;residual;shoulder
377,15.182746,4,1GPa;7.4GPa;8.5GPa;10.4GPa,0.0201438,5,3,0,bump;matched;micro;raw;residual;shoulder
378,15.224341,8,0.7GPa;1.3GPa;1.5GPa;2.3GPa;7.4GPa;8.5GPa;13.3GPa;15.6GPa,0.0267167,6,5,0,bump;matched;micro;raw;residual;shoulder
379,15.260242,1,8.5GPa,0.0205694,2,0,0,matched;micro;raw
380,15.310089,8,0.7GPa;1GPa;2.3GPa;3.9GPa;9.8GPa;12.8GPa;13.3GPa;15.6GPa,0.108407,4,6,0,bump;matched;micro;raw;residual;shoulder
381,15.334081,5,1GPa;5GPa;9.8GPa;12.8GPa;15.6GPa,0.146712,3,3,0,matched;micro;raw;residual;shoulder
382,15.374653,4,0.7GPa;1GPa;2.3GPa;15.6GPa,0.0139402,3,2,0,bump;matched;micro;raw;residual;shoulder
383,15.415373,9,0.7GPa;1GPa;1.3GPa;1.5GPa;2.3GPa;3.9GPa;7.4GPa;10.4GPa;15.6GPa,0.110974,8,4,0,bump;matched;micro;raw;residual;shoulder
384,15.450470,4,2.3GPa;3.9GPa;10.4GPa;13.3GPa,0.00213845,2,3,0,matched;micro;raw;shoulder
385,15.505252,5,1.3GPa;5GPa;6.6GPa;13.3GPa;15.6GPa,0.0152644,4,2,0,bump;matched;micro;raw;residual;shoulder
386,15.554339,3,2.3GPa;6.2GPa;10.4GPa,0.0130466,2,2,0,bump;matched;micro;raw;shoulder
387,15.575398,3,0.7GPa;6.2GPa;10.4GPa,0.0150922,4,0,0,matched;micro;raw;residual;shoulder
388,15.620579,7,1GPa;2.3GPa;3.9GPa;6.6GPa;7.4GPa;10.4GPa;15.6GPa,0.0264041,4,5,0,bump;matched;micro;raw;residual;shoulder
389,15.665225,9,0.7GPa;1.5GPa;3.9GPa;5GPa;6.6GPa;7.4GPa;9.8GPa;13.3GPa;15.6GPa,0.0315893,3,6,0,bump;matched;micro;raw;residual;shoulder
390,15.718030,7,0.7GPa;1.3GPa;3.9GPa;6.2GPa;7.4GPa;8.5GPa;9.8GPa,0.0915297,6,5,0,matched;micro;raw;residual;shoulder
391,15.744307,5,2.3GPa;5GPa;6.6GPa;8.5GPa;9.8GPa,0.0287138,4,1,0,bump;matched;micro;raw;residual;shoulder
392,15.794869,4,1.3GPa;6.2GPa;10.4GPa;15.6GPa,0.049535,2,2,0,matched;micro;raw;shoulder
393,15.819612,5,0.7GPa;1GPa;8.5GPa;9.8GPa;10.4GPa,0.00853544,2,3,0,bump;matched;micro;raw;shoulder
394,15.855656,5,1.5GPa;3.9GPa;6.6GPa;7.4GPa;10.4GPa,0.00117156,1,4,0,bump;matched;micro;raw;residual;shoulder
395,15.902410,4,1GPa;1.5GPa;8.5GPa;13.3GPa,0.00383188,0,4,0,bump;matched;micro;raw;shoulder
396,15.934987,7,0.7GPa;1GPa;1.3GPa;1.5GPa;5GPa;12.8GPa;15.6GPa,0.240779,4,4,0,bump;matched;micro;raw;residual;shoulder
397,15.974314,7,0.7GPa;2.3GPa;2.4GPa_decomp;6.2GPa;6.6GPa;10.4GPa;13.3GPa,0.0669476,5,3,0,bump;matched;micro;raw;residual;shoulder
398,16.015792,3,1.3GPa;1.5GPa;2.3GPa,0.0251989,1,2,0,bump;matched;micro;raw;shoulder
399,16.051976,8,0.7GPa;1GPa;2.3GPa;3.9GPa;7.4GPa;8.5GPa;10.4GPa;15.6GPa,0.0189988,5,5,0,bump;matched;micro;raw;residual;shoulder
400,16.090863,4,1.5GPa;8.5GPa;9.8GPa;10.4GPa,0.124956,4,2,0,bump;matched;micro;raw;residual;shoulder
401,16.129739,7,1GPa;2.3GPa;3.9GPa;5GPa;6.6GPa;12.8GPa;13.3GPa,0.0205911,3,5,0,bump;matched;micro;raw;shoulder
402,16.163127,4,1GPa;1.5GPa;3.9GPa;12.8GPa,0.0480051,3,3,0,bump;matched;micro;raw;residual;shoulder
403,16.195521,4,1.5GPa;2.3GPa;5GPa;15.6GPa,0.0105528,4,1,0,matched;micro;raw;residual;shoulder
404,16.224914,4,0.7GPa;1.5GPa;10.4GPa;13.3GPa,0.00699257,2,2,0,bump;matched;micro;raw;residual;shoulder
405,16.272369,6,1.3GPa;2.3GPa;2.4GPa_decomp;3.9GPa;6.2GPa;15.6GPa,0.0108566,3,3,0,bump;matched;micro;raw;residual;shoulder
406,16.308298,6,6.2GPa;6.6GPa;7.4GPa;9.8GPa;13.3GPa;15.6GPa,0.0438174,1,5,0,bump;matched;micro;raw;residual;shoulder
407,16.339968,5,1.5GPa;5GPa;6.2GPa;9.8GPa;15.6GPa,0.0168366,1,4,0,matched;micro;raw;shoulder
408,16.380408,3,1GPa;6.2GPa;6.6GPa,0.000862803,1,2,0,bump;matched;micro;raw;residual;shoulder
409,16.420397,6,1.5GPa;3.9GPa;6.6GPa;8.5GPa;9.8GPa;13.3GPa,0.0413751,4,4,0,bump;matched;micro;raw;residual;shoulder
410,16.450294,4,0.7GPa;2.3GPa;10.4GPa;15.6GPa,0.00212555,3,2,0,bump;matched;micro;raw;residual;shoulder
411,16.494941,4,5GPa;7.4GPa;10.4GPa;13.3GPa,0.0179134,4,2,0,bump;matched;micro;raw;residual;shoulder
412,16.534735,4,0.7GPa;1.3GPa;6.2GPa;13.3GPa,0.0413956,2,2,0,matched;micro;raw;residual;shoulder
413,16.558998,4,6.2GPa;12.8GPa;13.3GPa;15.6GPa,0.0309459,3,3,0,bump;matched;micro;raw;shoulder
414,16.598284,5,1GPa;1.5GPa;2.3GPa;7.4GPa;12.8GPa,0.0431419,2,4,0,bump;matched;micro;raw;residual;shoulder
415,16.618267,5,0.7GPa;2.3GPa;2.4GPa_decomp;7.4GPa;8.5GPa,0.039909,4,3,0,bump;matched;micro;raw;shoulder
416,16.649218,6,1GPa;1.3GPa;2.3GPa;3.9GPa;8.5GPa;10.4GPa,0.0250611,3,3,0,bump;matched;micro;raw;residual;shoulder
417,16.692989,4,0.7GPa;1GPa;5GPa;9.8GPa,0.010136,4,1,0,bump;matched;micro;raw;residual;shoulder
418,16.722747,6,1GPa;1.5GPa;3.9GPa;10.4GPa;12.8GPa;15.6GPa,0.0198054,7,0,0,bump;matched;micro;raw;residual;shoulder
419,16.744461,7,1GPa;1.3GPa;1.5GPa;3.9GPa;6.2GPa;12.8GPa;15.6GPa,0.0932487,5,4,0,matched;micro;raw;residual;shoulder
420,16.779132,5,0.7GPa;1.3GPa;2.3GPa;7.4GPa;15.6GPa,0.0210721,2,3,0,matched;micro;raw;shoulder
421,16.835319,4,1.3GPa;2.3GPa;6.6GPa;10.4GPa,0.0579994,4,2,0,matched;micro;raw;shoulder
422,16.853276,7,0.7GPa;2.3GPa;3.9GPa;6.2GPa;6.6GPa;7.4GPa;8.5GPa,0.0510345,3,5,0,matched;micro;raw;shoulder
423,16.883130,4,2.3GPa;6.2GPa;13.3GPa;15.6GPa,0.0104005,1,3,0,matched;raw;residual;shoulder
424,16.920515,7,1GPa;1.3GPa;2.3GPa;2.4GPa_decomp;3.9GPa;6.6GPa;9.8GPa,0.0456016,2,7,0,matched;micro;raw;shoulder
425,16.964495,4,1.3GPa;1.5GPa;3.9GPa;10.4GPa,0.0608124,4,1,0,bump;matched;micro;raw;residual;shoulder
426,17.006472,8,0.7GPa;1.3GPa;3.9GPa;5GPa;6.2GPa;7.4GPa;13.3GPa;15.6GPa,0.07586,8,2,0,bump;matched;micro;raw;residual;shoulder
427,17.048059,6,0.7GPa;1GPa;5GPa;7.4GPa;9.8GPa;10.4GPa,0.0330727,3,4,0,bump;matched;micro;raw;residual;shoulder
428,17.094195,5,1.5GPa;2.3GPa;5GPa;6.6GPa;7.4GPa,0.000679684,3,2,0,bump;matched;micro;raw;residual;shoulder
429,17.108903,3,1.5GPa;7.4GPa;8.5GPa,0.0111128,2,2,0,bump;matched;micro;raw;residual;shoulder
430,17.136900,4,2.3GPa;9.8GPa;13.3GPa;15.6GPa,0.00381712,2,3,0,bump;matched;micro;raw;shoulder
431,17.181892,10,1.3GPa;2.3GPa;3.9GPa;7.4GPa;8.5GPa;9.8GPa;10.4GPa;12.8GPa;13.3GPa;15.6GPa,0.12512,7,4,0,bump;matched;micro;raw;residual;shoulder
432,17.221147,8,0.7GPa;1GPa;1.3GPa;7.4GPa;8.5GPa;10.4GPa;12.8GPa;13.3GPa,0.0121234,5,5,0,bump;matched;micro;raw;residual;shoulder
433,17.266105,9,0.7GPa;1GPa;1.3GPa;1.5GPa;2.4GPa_decomp;9.8GPa;12.8GPa;13.3GPa;15.6GPa,0.0427188,5,6,0,bump;matched;micro;raw;residual;shoulder
434,17.309352,6,1GPa;1.3GPa;3.9GPa;12.8GPa;13.3GPa;15.6GPa,0.0277724,3,4,0,bump;matched;micro;raw;shoulder
435,17.325843,1,3.9GPa,6.5795e-05,1,0,0,residual
436,17.356977,3,0.7GPa;5GPa;15.6GPa,0.000321884,3,0,0,bump;matched;micro;raw;residual;shoulder
437,17.379604,2,0.7GPa;6.6GPa,0.0169763,1,1,0,matched;micro;raw;shoulder
438,17.420556,4,1.3GPa;6.2GPa;10.4GPa;12.8GPa,0.0185427,2,2,0,bump;matched;micro;raw;residual;shoulder
439,17.449111,2,2.3GPa;12.8GPa,0.000324909,2,0,0,bump;micro;shoulder
440,17.473536,9,0.7GPa;1GPa;1.3GPa;2.3GPa;7.4GPa;8.5GPa;9.8GPa;10.4GPa;13.3GPa,0.0268259,9,1,0,bump;matched;micro;raw;residual;shoulder
441,17.503778,8,1GPa;1.5GPa;3.9GPa;6.6GPa;8.5GPa;9.8GPa;12.8GPa;15.6GPa,0.0473978,7,2,0,bump;matched;micro;raw;residual;shoulder
442,17.534510,3,9.8GPa;12.8GPa;13.3GPa,0.0431878,3,1,0,bump;matched;micro;raw;shoulder
443,17.578905,3,5GPa;9.8GPa;12.8GPa,0.0241985,1,2,0,bump;matched;micro;raw
444,17.613207,5,0.7GPa;1.3GPa;9.8GPa;10.4GPa;12.8GPa,0.00708367,4,1,0,bump;matched;micro;raw;residual;shoulder
445,17.651632,4,0.7GPa;6.2GPa;12.8GPa;15.6GPa,0.137174,1,3,0,bump;matched;micro;raw;residual;shoulder
446,17.678080,5,0.7GPa;1.3GPa;8.5GPa;10.4GPa;13.3GPa,0.0369127,2,5,0,matched;micro;raw;residual;shoulder
447,17.736115,6,0.7GPa;1.3GPa;1.5GPa;3.9GPa;6.6GPa;7.4GPa,0.0245239,4,3,0,bump;matched;micro;raw;residual;shoulder
448,17.768766,3,0.7GPa;5GPa;12.8GPa,0.00919746,1,2,0,matched;micro;shoulder
449,17.795127,8,1GPa;2.3GPa;2.4GPa_decomp;5GPa;7.4GPa;9.8GPa;10.4GPa;12.8GPa,0.064879,9,2,0,bump;matched;micro;raw;residual;shoulder
450,17.820944,7,1GPa;2.3GPa;5GPa;6.2GPa;10.4GPa;13.3GPa;15.6GPa,0.00955284,5,3,0,matched;micro;raw;residual;shoulder
451,17.878469,7,0.7GPa;1.5GPa;5GPa;6.2GPa;12.8GPa;13.3GPa;15.6GPa,0.0343086,5,4,0,bump;matched;micro;raw;residual;shoulder
452,17.918144,6,0.7GPa;1.3GPa;6.2GPa;7.4GPa;13.3GPa;15.6GPa,0.0567044,7,1,0,matched;micro;raw;shoulder
453,17.950069,6,2.3GPa;3.9GPa;6.6GPa;7.4GPa;8.5GPa;10.4GPa,0.184082,4,5,0,bump;matched;micro;raw;residual;shoulder
454,17.985826,8,0.7GPa;1GPa;1.5GPa;5GPa;7.4GPa;9.8GPa;10.4GPa;12.8GPa,0.0246508,3,7,0,bump;matched;micro;raw;residual;shoulder
455,18.038674,7,1GPa;1.3GPa;2.3GPa;3.9GPa;10.4GPa;13.3GPa;15.6GPa,0.0294704,2,5,0,matched;micro;raw;shoulder
456,18.091791,7,0.7GPa;1.5GPa;2.3GPa;6.2GPa;6.6GPa;12.8GPa;15.6GPa,0.0147496,4,4,0,bump;matched;micro;raw;shoulder
457,18.118190,2,8.5GPa;10.4GPa,1.07339e-05,0,2,0,raw;shoulder
458,18.150338,3,0.7GPa;1.3GPa;3.9GPa,0.0409103,2,2,0,bump;matched;micro;raw;shoulder
459,18.194416,9,0.7GPa;1GPa;2.3GPa;3.9GPa;5GPa;6.6GPa;10.4GPa;12.8GPa;15.6GPa,0.0115639,6,4,0,bump;matched;micro;raw;residual;shoulder
460,18.225177,6,1GPa;5GPa;6.2GPa;8.5GPa;9.8GPa;13.3GPa,0.0184328,5,3,0,bump;matched;micro;raw;residual;shoulder
461,18.263288,7,0.7GPa;1.5GPa;5GPa;6.6GPa;9.8GPa;10.4GPa;13.3GPa,0.02795,5,3,0,bump;matched;micro;raw;residual;shoulder
462,18.306453,5,1.3GPa;3.9GPa;6.2GPa;12.8GPa;15.6GPa,0.0216824,2,3,0,bump;matched;micro;raw;residual;shoulder
463,18.323915,6,1GPa;2.3GPa;5GPa;6.2GPa;7.4GPa;13.3GPa,0.0716157,3,4,0,bump;matched;micro;raw;shoulder
464,18.374682,4,2.3GPa;6.6GPa;7.4GPa;8.5GPa,0.111666,3,1,0,matched;micro;raw;residual;shoulder
465,18.401296,3,1.5GPa;8.5GPa;15.6GPa,0.000702308,1,2,0,bump;matched;micro;raw;residual;shoulder
466,18.440405,7,0.7GPa;1GPa;1.3GPa;1.5GPa;2.3GPa;9.8GPa;10.4GPa,0.290904,6,3,0,bump;matched;micro;raw;residual;shoulder
467,18.469820,7,1GPa;1.5GPa;2.3GPa;2.4GPa_decomp;5GPa;9.8GPa;15.6GPa,0.0417714,9,0,0,bump;matched;micro;raw;residual;shoulder
468,18.500920,8,1.5GPa;2.4GPa_decomp;3.9GPa;5GPa;6.2GPa;7.4GPa;10.4GPa;12.8GPa,0.0759681,5,3,0,bump;matched;micro;raw;residual;shoulder
469,18.538234,5,2.3GPa;5GPa;6.6GPa;12.8GPa;13.3GPa,0.00486717,2,4,0,bump;matched;micro;raw;residual;shoulder
470,18.565381,4,0.7GPa;2.3GPa;6.2GPa;7.4GPa,0.00769907,1,4,0,bump;matched;micro;raw;residual;shoulder
471,18.601425,8,2.3GPa;5GPa;6.2GPa;6.6GPa;7.4GPa;10.4GPa;13.3GPa;15.6GPa,0.0166495,3,5,0,bump;matched;micro;raw;shoulder
472,18.624088,6,1.3GPa;1.5GPa;6.2GPa;7.4GPa;8.5GPa;10.4GPa,0.0460524,1,5,0,bump;matched;micro;raw;residual;shoulder
473,18.663778,5,0.7GPa;7.4GPa;8.5GPa;10.4GPa;13.3GPa,0.0082767,3,4,0,bump;matched;micro;raw;residual;shoulder
474,18.691161,5,1GPa;5GPa;10.4GPa;13.3GPa;15.6GPa,0.0482727,3,3,0,matched;micro;raw;shoulder
475,18.733403,5,1GPa;1.3GPa;3.9GPa;12.8GPa;13.3GPa,0.210952,3,2,0,bump;matched;raw;shoulder
476,18.749774,7,0.7GPa;1.3GPa;1.5GPa;2.3GPa;6.6GPa;10.4GPa;12.8GPa,1,5,3,0,bump;matched;micro;raw;residual;shoulder
477,18.779865,6,1.5GPa;2.3GPa;5GPa;9.8GPa;10.4GPa;15.6GPa,0.00420838,3,3,0,matched;micro;raw;shoulder
478,18.817388,6,1GPa;1.3GPa;5GPa;8.5GPa;10.4GPa;15.6GPa,0.00290755,2,5,0,bump;matched;micro;raw;residual;shoulder
479,18.850384,7,0.7GPa;5GPa;6.2GPa;6.6GPa;9.8GPa;10.4GPa;15.6GPa,0.008511,3,4,0,bump;matched;micro;raw;shoulder
480,18.880227,6,3.9GPa;5GPa;6.2GPa;9.8GPa;10.4GPa;15.6GPa,0.00898065,5,2,0,bump;matched;micro;raw;residual;shoulder
481,18.918048,9,0.7GPa;1GPa;1.3GPa;1.5GPa;6.2GPa;7.4GPa;8.5GPa;9.8GPa;13.3GPa,0.131812,8,6,0,bump;matched;micro;raw;residual;shoulder
482,18.946395,10,0.7GPa;1GPa;1.5GPa;2.3GPa;3.9GPa;5GPa;6.2GPa;7.4GPa;8.5GPa;9.8GPa,0.0174115,7,5,0,matched;micro;raw;residual;shoulder
483,18.989525,9,1.3GPa;1.5GPa;2.3GPa;5GPa;6.6GPa;7.4GPa;8.5GPa;10.4GPa;15.6GPa,0.0136523,8,6,0,bump;matched;micro;raw;residual;shoulder
484,19.030144,9,0.7GPa;1GPa;1.3GPa;1.5GPa;2.3GPa;6.2GPa;6.6GPa;9.8GPa;15.6GPa,0.0050636,3,10,0,bump;matched;micro;raw;residual;shoulder
485,19.074277,8,0.7GPa;1GPa;1.3GPa;2.3GPa;3.9GPa;10.4GPa;13.3GPa;15.6GPa,0.116643,6,5,0,matched;micro;raw;shoulder
486,19.102060,5,0.7GPa;1.3GPa;2.3GPa;5GPa;6.6GPa,0.0243877,3,2,0,matched;micro;raw;shoulder
487,19.139074,6,1.5GPa;3.9GPa;5GPa;7.4GPa;12.8GPa;15.6GPa,0.00992309,1,7,0,matched;micro;raw;shoulder
488,19.171095,8,1GPa;2.3GPa;3.9GPa;6.6GPa;8.5GPa;9.8GPa;10.4GPa;13.3GPa,0.00341937,3,6,0,bump;matched;micro;raw;residual;shoulder
489,19.198230,5,5GPa;6.2GPa;7.4GPa;9.8GPa;13.3GPa,0.0390667,4,1,0,matched;micro;raw;shoulder
490,19.232065,8,0.7GPa;1GPa;1.3GPa;1.5GPa;3.9GPa;7.4GPa;13.3GPa;15.6GPa,0.0642527,4,7,0,bump;matched;micro;raw;residual;shoulder
491,19.264009,11,0.7GPa;1GPa;1.3GPa;1.5GPa;3.9GPa;5GPa;6.2GPa;8.5GPa;9.8GPa;13.3GPa;15.6GPa,0.0348669,12,2,0,bump;matched;micro;raw;shoulder
492,19.296973,3,0.7GPa;5GPa;10.4GPa,0.0104595,2,1,0,matched;micro;raw;shoulder
493,19.334402,2,5GPa;10.4GPa,2.01528e-05,0,2,0,matched;raw;residual
494,19.363075,7,1.3GPa;3.9GPa;6.2GPa;7.4GPa;10.4GPa;12.8GPa;15.6GPa,0.095406,1,6,0,matched;micro;raw;residual;shoulder
495,19.383063,6,1.5GPa;5GPa;6.6GPa;10.4GPa;12.8GPa;13.3GPa,0.0064716,2,4,0,matched;micro;raw;shoulder
496,19.433868,9,0.7GPa;1GPa;1.5GPa;6.2GPa;7.4GPa;9.8GPa;10.4GPa;13.3GPa;15.6GPa,0.00492108,5,6,0,matched;micro;raw;shoulder
497,19.464641,9,0.7GPa;1.3GPa;1.5GPa;3.9GPa;6.2GPa;7.4GPa;8.5GPa;9.8GPa;15.6GPa,0.0304611,5,4,0,matched;micro;raw;residual;shoulder
498,19.496949,6,0.7GPa;1GPa;6.6GPa;8.5GPa;9.8GPa;13.3GPa,0.0155056,6,1,0,bump;matched;micro;raw;residual;shoulder
499,19.524285,9,1.5GPa;2.3GPa;2.4GPa_decomp;5GPa;7.4GPa;8.5GPa;10.4GPa;12.8GPa;15.6GPa,0.0336781,4,7,0,bump;matched;micro;raw;residual;shoulder
500,19.582545,10,0.7GPa;2.3GPa;5GPa;6.2GPa;6.6GPa;7.4GPa;9.8GPa;10.4GPa;12.8GPa;13.3GPa,0.0400135,10,3,0,bump;matched;micro;raw;residual;shoulder
501,19.611824,13,1GPa;1.3GPa;1.5GPa;2.3GPa;3.9GPa;5GPa;6.6GPa;8.5GPa;9.8GPa;10.4GPa;12.8GPa;13.3GPa;15.6GPa,0.113627,14,2,0,bump;matched;micro;raw;residual;shoulder
502,19.660197,8,0.7GPa;1.3GPa;2.3GPa;6.6GPa;8.5GPa;9.8GPa;12.8GPa;15.6GPa,0.0892113,3,6,0,bump;matched;micro;raw;residual;shoulder
503,19.689975,3,2.3GPa;6.2GPa;10.4GPa,0.00327914,1,2,0,matched;micro;raw;shoulder
504,19.714307,5,1.5GPa;6.2GPa;7.4GPa;8.5GPa;12.8GPa,0.0020179,2,4,0,matched;micro;raw;shoulder
505,19.755142,9,1GPa;1.3GPa;1.5GPa;2.3GPa;3.9GPa;6.6GPa;7.4GPa;9.8GPa;13.3GPa,0.0703258,7,4,0,matched;micro;raw;shoulder
506,19.784234,5,0.7GPa;3.9GPa;6.2GPa;6.6GPa;9.8GPa,0.0100653,3,2,0,bump;matched;micro;raw;shoulder
507,19.807016,4,0.7GPa;2.4GPa_decomp;10.4GPa;15.6GPa,0.0345371,3,1,0,matched;micro;raw;shoulder
508,19.850884,9,0.7GPa;1.3GPa;1.5GPa;2.3GPa;3.9GPa;5GPa;8.5GPa;13.3GPa;15.6GPa,0.0158799,5,6,0,bump;matched;micro;raw;shoulder
509,19.877637,4,0.7GPa;1.3GPa;9.8GPa;12.8GPa,0.0760377,4,2,0,matched;micro;raw;residual;shoulder
510,19.902364,8,0.7GPa;1.5GPa;6.6GPa;7.4GPa;8.5GPa;9.8GPa;10.4GPa;12.8GPa,0.00310547,2,7,0,bump;matched;micro;raw;residual;shoulder
511,19.942969,7,0.7GPa;3.9GPa;5GPa;6.2GPa;7.4GPa;13.3GPa;15.6GPa,0.00749462,5,3,0,matched;micro;raw;shoulder
512,19.974941,7,2.3GPa;5GPa;6.6GPa;7.4GPa;8.5GPa;10.4GPa;12.8GPa,0.00536511,2,6,0,bump;matched;micro;raw;shoulder
513,19.998674,6,0.7GPa;1.3GPa;2.3GPa;5GPa;8.5GPa;9.8GPa,0.00907436,4,2,0,matched;micro;raw;shoulder
514,20.045809,5,1GPa;1.3GPa;5GPa;6.6GPa;15.6GPa,0.183964,4,1,0,bump;matched;micro;raw;shoulder
515,20.070543,8,0.7GPa;1GPa;1.3GPa;2.3GPa;6.6GPa;12.8GPa;13.3GPa;15.6GPa,0.0108724,8,2,0,bump;matched;micro;raw;residual;shoulder
516,20.108952,7,1.5GPa;2.3GPa;6.2GPa;6.6GPa;9.8GPa;10.4GPa;15.6GPa,0.00709843,6,2,0,bump;matched;micro;raw;residual;shoulder
517,20.144242,10,2.3GPa;2.4GPa_decomp;3.9GPa;5GPa;6.2GPa;7.4GPa;10.4GPa;12.8GPa;13.3GPa;15.6GPa,0.0303749,5,8,0,bump;matched;micro;raw;residual;shoulder
518,20.188756,8,1.3GPa;2.3GPa;6.2GPa;7.4GPa;8.5GPa;9.8GPa;12.8GPa;15.6GPa,0.0304675,4,5,0,matched;micro;raw;residual;shoulder
519,20.205970,6,0.7GPa;2.4GPa_decomp;6.2GPa;8.5GPa;10.4GPa;12.8GPa,0.0360329,5,4,0,bump;matched;micro;raw;residual;shoulder
520,20.241382,8,0.7GPa;1.3GPa;2.4GPa_decomp;5GPa;6.6GPa;7.4GPa;9.8GPa;12.8GPa,0.0588864,5,3,0,bump;matched;micro;raw;residual;shoulder
521,20.268231,8,0.7GPa;1GPa;7.4GPa;9.8GPa;10.4GPa;12.8GPa;13.3GPa;15.6GPa,0.0951967,5,4,0,bump;matched;micro;raw;residual;shoulder
522,20.303217,7,1GPa;1.3GPa;1.5GPa;2.4GPa_decomp;6.6GPa;9.8GPa;13.3GPa,0.124588,4,5,0,bump;matched;micro;raw;shoulder
523,20.361743,8,1GPa;1.5GPa;2.3GPa;3.9GPa;7.4GPa;9.8GPa;10.4GPa;12.8GPa,0.0305298,7,4,0,bump;matched;micro;raw;residual;shoulder
524,20.389239,8,0.7GPa;1GPa;1.3GPa;2.3GPa;6.6GPa;8.5GPa;13.3GPa;15.6GPa,0.0258073,5,6,0,matched;micro;raw;shoulder
525,20.409954,3,1GPa;1.5GPa;12.8GPa,0.00109781,1,3,0,matched;micro;raw;shoulder
526,20.464938,7,1.3GPa;5GPa;6.2GPa;6.6GPa;10.4GPa;12.8GPa;15.6GPa,0.0830182,9,1,0,bump;matched;micro;raw;residual;shoulder
527,20.492044,8,0.7GPa;1GPa;1.5GPa;2.3GPa;6.2GPa;6.6GPa;7.4GPa;9.8GPa,0.00910295,6,4,0,matched;micro;raw;residual;shoulder
528,20.521963,9,1GPa;1.3GPa;1.5GPa;2.3GPa;6.2GPa;6.6GPa;8.5GPa;10.4GPa;15.6GPa,0.00532781,5,5,0,bump;matched;micro;raw;shoulder
529,20.578217,8,0.7GPa;1.5GPa;2.3GPa;6.6GPa;8.5GPa;9.8GPa;10.4GPa;15.6GPa,0.0200568,6,4,0,bump;matched;micro;raw;residual;shoulder
530,20.601307,5,1.5GPa;7.4GPa;9.8GPa;10.4GPa;13.3GPa,0.00653544,3,4,0,bump;matched;micro;raw;residual;shoulder
531,20.629734,7,1.3GPa;2.4GPa_decomp;3.9GPa;6.6GPa;8.5GPa;9.8GPa;15.6GPa,0.0622958,3,5,0,bump;matched;micro;raw;shoulder
532,20.666938,9,1GPa;1.3GPa;2.4GPa_decomp;3.9GPa;5GPa;7.4GPa;8.5GPa;12.8GPa;13.3GPa,0.0602538,8,6,0,bump;matched;micro;raw;residual;shoulder
533,20.701752,9,0.7GPa;1GPa;1.5GPa;2.4GPa_decomp;5GPa;6.2GPa;7.4GPa;8.5GPa;15.6GPa,0.0569638,8,5,0,matched;micro;raw;residual;shoulder
534,20.728529,9,0.7GPa;1GPa;1.3GPa;1.5GPa;2.4GPa_decomp;5GPa;6.6GPa;9.8GPa;15.6GPa,0.0346327,7,2,0,bump;matched;micro;raw;residual;shoulder
535,20.768490,5,2.3GPa;3.9GPa;5GPa;13.3GPa;15.6GPa,0.0156102,4,3,0,matched;micro;raw;shoulder
536,20.800652,11,0.7GPa;1GPa;1.5GPa;2.3GPa;3.9GPa;5GPa;6.2GPa;7.4GPa;8.5GPa;9.8GPa;12.8GPa,0.0230451,9,5,0,bump;matched;micro;raw;residual;shoulder
537,20.829780,7,1.5GPa;6.6GPa;8.5GPa;9.8GPa;10.4GPa;12.8GPa;13.3GPa,0.0241633,5,5,0,matched;micro;raw;shoulder
538,20.868494,1,12.8GPa,0.00891951,2,0,0,matched;micro;shoulder
539,20.909842,11,0.7GPa;1GPa;1.3GPa;1.5GPa;3.9GPa;6.2GPa;7.4GPa;10.4GPa;12.8GPa;13.3GPa;15.6GPa,0.0786506,10,5,0,bump;matched;micro;raw;residual;shoulder
540,20.942003,11,0.7GPa;1GPa;1.5GPa;3.9GPa;5GPa;6.2GPa;6.6GPa;7.4GPa;8.5GPa;9.8GPa;15.6GPa,0.0319734,6,6,0,bump;matched;micro;raw;shoulder
541,20.980129,3,1.3GPa;10.4GPa;13.3GPa,0.00629809,2,1,0,matched;micro;raw;shoulder
542,21.009260,7,0.7GPa;2.4GPa_decomp;6.2GPa;6.6GPa;8.5GPa;10.4GPa;13.3GPa,0.0388755,6,4,0,bump;matched;micro;raw;residual;shoulder
543,21.036149,7,1.5GPa;2.3GPa;6.6GPa;9.8GPa;12.8GPa;13.3GPa;15.6GPa,0.0106936,6,2,0,bump;matched;micro;raw;residual;shoulder
544,21.077226,8,0.7GPa;1.3GPa;2.3GPa;3.9GPa;5GPa;6.2GPa;6.6GPa;7.4GPa,0.0172372,7,4,0,matched;micro;raw;residual;shoulder
545,21.115799,11,1.3GPa;2.4GPa_decomp;3.9GPa;5GPa;6.2GPa;7.4GPa;9.8GPa;10.4GPa;12.8GPa;13.3GPa;15.6GPa,0.0279037,8,5,0,bump;matched;micro;raw;residual;shoulder
546,21.152403,12,1GPa;1.3GPa;1.5GPa;2.3GPa;2.4GPa_decomp;3.9GPa;5GPa;6.2GPa;6.6GPa;8.5GPa;9.8GPa;12.8GPa,0.0833282,5,11,0,matched;micro;raw;residual;shoulder
547,21.189583,13,0.7GPa;1GPa;1.3GPa;1.5GPa;2.3GPa;2.4GPa_decomp;6.2GPa;7.4GPa;8.5GPa;9.8GPa;10.4GPa;12.8GPa;15.6GPa,0.0800019,9,11,0,bump;matched;micro;raw;residual;shoulder
548,21.240395,9,0.7GPa;1.5GPa;2.3GPa;3.9GPa;6.2GPa;6.6GPa;8.5GPa;10.4GPa;12.8GPa,0.0186957,11,4,0,bump;matched;micro;raw;residual;shoulder
549,21.276275,11,0.7GPa;1.3GPa;1.5GPa;2.3GPa;2.4GPa_decomp;3.9GPa;5GPa;7.4GPa;9.8GPa;13.3GPa;15.6GPa,0.0515617,7,7,0,matched;micro;raw;shoulder
550,21.316712,1,13.3GPa,1.61287e-05,0,1,0,raw
551,21.373106,7,1GPa;1.3GPa;1.5GPa;2.3GPa;3.9GPa;6.2GPa;10.4GPa,0.0793569,3,6,0,bump;matched;micro;raw;shoulder
552,21.395200,8,2.4GPa_decomp;5GPa;6.6GPa;7.4GPa;8.5GPa;10.4GPa;12.8GPa;15.6GPa,0.0811277,6,4,0,bump;matched;micro;raw;shoulder
553,21.418090,6,0.7GPa;1GPa;1.3GPa;2.4GPa_decomp;6.6GPa;15.6GPa,0.0401368,4,2,0,bump;matched;micro;raw;shoulder
554,21.446018,10,1.3GPa;1.5GPa;2.3GPa;6.2GPa;6.6GPa;7.4GPa;8.5GPa;12.8GPa;13.3GPa;15.6GPa,0.0419211,8,4,0,bump;matched;micro;raw;residual;shoulder
555,21.475758,10,1GPa;1.5GPa;2.4GPa_decomp;3.9GPa;5GPa;6.2GPa;6.6GPa;8.5GPa;12.8GPa;15.6GPa,0.0242957,9,4,0,bump;matched;micro;raw;residual;shoulder
556,21.513302,13,0.7GPa;1GPa;1.3GPa;2.4GPa_decomp;3.9GPa;5GPa;6.2GPa;7.4GPa;9.8GPa;10.4GPa;12.8GPa;13.3GPa;15.6GPa,0.0603377,11,6,0,bump;matched;micro;raw;residual;shoulder
557,21.540847,12,1.3GPa;1.5GPa;2.3GPa;2.4GPa_decomp;3.9GPa;5GPa;6.2GPa;8.5GPa;9.8GPa;10.4GPa;12.8GPa;13.3GPa,0.478672,10,6,0,bump;matched;micro;raw;residual;shoulder
558,21.574012,6,1GPa;1.3GPa;1.5GPa;5GPa;6.6GPa;10.4GPa,0.00833793,7,1,0,bump;matched;micro;raw;residual;shoulder
559,21.608964,6,0.7GPa;1GPa;1.5GPa;5GPa;12.8GPa;15.6GPa,0.0078921,3,4,0,bump;matched;micro;raw;shoulder
560,21.629975,7,1.5GPa;2.3GPa;3.9GPa;5GPa;6.2GPa;7.4GPa;13.3GPa,0.00203575,5,3,0,matched;micro;raw;shoulder
561,21.665922,7,1GPa;1.3GPa;2.4GPa_decomp;6.2GPa;8.5GPa;13.3GPa;15.6GPa,0.0834487,4,4,0,matched;micro;raw;shoulder
562,21.706648,7,0.7GPa;1.3GPa;1.5GPa;2.4GPa_decomp;3.9GPa;6.2GPa;9.8GPa,0.0896627,6,3,0,bump;matched;micro;raw;residual;shoulder
563,21.724422,8,1GPa;1.3GPa;2.3GPa;6.2GPa;7.4GPa;9.8GPa;10.4GPa;12.8GPa,0.119833,6,4,0,bump;matched;micro;raw;shoulder
564,21.760246,11,0.7GPa;1.3GPa;2.3GPa;5GPa;6.6GPa;8.5GPa;9.8GPa;10.4GPa;12.8GPa;13.3GPa;15.6GPa,0.0561269,6,8,0,bump;matched;micro;raw;residual;shoulder
565,21.798739,10,1.3GPa;2.3GPa;2.4GPa_decomp;5GPa;6.6GPa;7.4GPa;8.5GPa;10.4GPa;12.8GPa;15.6GPa,0.0209849,7,4,0,bump;matched;micro;raw;residual;shoulder
566,21.827572,6,1GPa;1.5GPa;2.3GPa;2.4GPa_decomp;6.2GPa;12.8GPa,0.0208173,5,3,0,bump;matched;micro;raw;shoulder
567,21.851198,10,1GPa;1.5GPa;2.4GPa_decomp;3.9GPa;6.2GPa;6.6GPa;7.4GPa;8.5GPa;9.8GPa;13.3GPa,0.110067,6,8,0,bump;matched;micro;raw;shoulder
568,21.890376,7,1.5GPa;2.3GPa;3.9GPa;5GPa;8.5GPa;13.3GPa;15.6GPa,0.018081,8,2,0,matched;micro;raw;residual;shoulder
569,21.919529,5,1GPa;1.3GPa;2.3GPa;2.4GPa_decomp;12.8GPa,0.0104331,3,3,0,bump;matched;micro;raw;residual;shoulder
570,21.950967,7,0.7GPa;1.3GPa;1.5GPa;3.9GPa;7.4GPa;9.8GPa;10.4GPa,0.01412,4,4,0,bump;matched;micro;raw;shoulder
571,21.977047,8,1.5GPa;2.3GPa;3.9GPa;6.2GPa;7.4GPa;10.4GPa;13.3GPa;15.6GPa,0.00702547,4,5,0,bump;matched;micro;raw;residual;shoulder
572,22.011887,10,0.7GPa;1.3GPa;2.3GPa;2.4GPa_decomp;5GPa;6.2GPa;8.5GPa;9.8GPa;10.4GPa;12.8GPa,0.0691901,7,6,0,matched;micro;raw;residual;shoulder
573,22.048567,10,0.7GPa;1GPa;2.3GPa;2.4GPa_decomp;5GPa;6.2GPa;6.6GPa;9.8GPa;12.8GPa;13.3GPa,0.0398213,6,7,0,bump;matched;micro;raw;residual;shoulder
574,22.083248,11,1GPa;1.5GPa;2.4GPa_decomp;3.9GPa;5GPa;6.6GPa;7.4GPa;8.5GPa;9.8GPa;12.8GPa;15.6GPa,0.0310234,6,6,0,matched;micro;raw;residual;shoulder
575,22.109468,3,6.2GPa;8.5GPa;12.8GPa,0.00661846,1,2,0,matched;micro;raw;shoulder
576,22.151037,12,0.7GPa;1.3GPa;1.5GPa;2.3GPa;3.9GPa;5GPa;6.2GPa;8.5GPa;9.8GPa;10.4GPa;13.3GPa;15.6GPa,0.0481693,11,4,0,bump;matched;micro;raw;shoulder
577,22.198105,5,1.3GPa;1.5GPa;5GPa;6.2GPa;12.8GPa,0.0815332,3,4,0,bump;matched;micro;raw;residual;shoulder
578,22.234110,14,0.7GPa;1GPa;1.3GPa;1.5GPa;2.3GPa;2.4GPa_decomp;3.9GPa;5GPa;6.2GPa;6.6GPa;7.4GPa;10.4GPa;13.3GPa;15.6GPa,0.0900526,14,8,0,bump;matched;micro;raw;residual;shoulder
579,22.258317,4,1GPa;2.4GPa_decomp;6.2GPa;10.4GPa,0.0165328,1,3,0,matched;micro;raw;shoulder
580,22.307337,5,1GPa;1.5GPa;9.8GPa;12.8GPa;13.3GPa,0.0341621,3,3,0,matched;micro;raw;residual;shoulder
581,22.325904,8,0.7GPa;1GPa;1.3GPa;2.3GPa;2.4GPa_decomp;3.9GPa;8.5GPa;12.8GPa,0.0314191,8,5,0,bump;matched;micro;raw;residual;shoulder
582,22.359348,7,2.3GPa;5GPa;6.6GPa;7.4GPa;8.5GPa;13.3GPa;15.6GPa,0.00989852,3,6,0,bump;matched;micro;raw;residual;shoulder
583,22.402628,9,0.7GPa;1GPa;2.3GPa;3.9GPa;6.2GPa;6.6GPa;7.4GPa;10.4GPa;15.6GPa,0.0169109,6,4,0,bump;matched;micro;raw;residual;shoulder
584,22.430551,11,0.7GPa;1GPa;1.3GPa;1.5GPa;2.4GPa_decomp;3.9GPa;5GPa;8.5GPa;9.8GPa;12.8GPa;13.3GPa,0.145746,9,4,0,matched;micro;raw;shoulder
585,22.451263,3,5GPa;12.8GPa;15.6GPa,0.0043259,2,1,0,matched;micro;raw;residual;shoulder
586,22.502717,8,0.7GPa;1GPa;1.5GPa;6.2GPa;6.6GPa;9.8GPa;12.8GPa;13.3GPa,0.0333883,7,2,0,bump;matched;micro;raw;shoulder
587,22.541835,8,1GPa;1.5GPa;3.9GPa;6.2GPa;7.4GPa;8.5GPa;9.8GPa;13.3GPa,0.0302634,8,3,0,bump;matched;micro;raw;residual;shoulder
588,22.570914,13,1GPa;1.3GPa;2.3GPa;3.9GPa;5GPa;6.2GPa;6.6GPa;7.4GPa;9.8GPa;10.4GPa;12.8GPa;13.3GPa;15.6GPa,0.00779699,10,7,0,bump;matched;micro;raw;residual;shoulder
589,22.603932,11,1GPa;1.3GPa;1.5GPa;2.4GPa_decomp;3.9GPa;5GPa;6.2GPa;6.6GPa;9.8GPa;10.4GPa;13.3GPa,0.267049,9,5,0,matched;micro;raw;residual;shoulder
590,22.635276,8,1.3GPa;1.5GPa;2.4GPa_decomp;3.9GPa;5GPa;7.4GPa;8.5GPa;15.6GPa,0.109248,3,7,0,bump;matched;micro;raw;residual;shoulder
591,22.663684,8,1.5GPa;2.4GPa_decomp;5GPa;6.6GPa;10.4GPa;12.8GPa;13.3GPa;15.6GPa,0.143295,6,3,0,bump;matched;micro;raw;residual;shoulder
592,22.691018,5,0.7GPa;6.2GPa;8.5GPa;13.3GPa;15.6GPa,0.0127234,3,2,0,bump;matched;micro;raw;residual;shoulder
593,22.736872,12,1GPa;2.3GPa;2.4GPa_decomp;5GPa;6.2GPa;6.6GPa;7.4GPa;9.8GPa;10.4GPa;12.8GPa;13.3GPa;15.6GPa,0.0677617,11,10,0,bump;matched;micro;raw;residual;shoulder
594,22.778824,6,0.7GPa;1.3GPa;3.9GPa;7.4GPa;8.5GPa;13.3GPa,0.113481,3,4,0,matched;micro;raw;shoulder
595,22.804800,6,1.5GPa;3.9GPa;5GPa;7.4GPa;8.5GPa;9.8GPa,0.0192154,3,5,0,bump;matched;micro;raw;residual;shoulder
596,22.833158,8,2.4GPa_decomp;3.9GPa;5GPa;6.6GPa;8.5GPa;9.8GPa;10.4GPa;12.8GPa,0.0244144,6,4,0,bump;matched;micro;raw;residual;shoulder
597,22.867915,11,0.7GPa;1GPa;1.3GPa;2.3GPa;3.9GPa;6.2GPa;6.6GPa;8.5GPa;10.4GPa;13.3GPa;15.6GPa,0.0556423,13,3,0,bump;matched;micro;raw;residual;shoulder
598,22.899293,6,1GPa;2.3GPa;2.4GPa_decomp;3.9GPa;6.2GPa;8.5GPa,0.0913987,6,2,0,matched;micro;raw;residual;shoulder
599,22.931405,10,0.7GPa;1GPa;1.5GPa;2.4GPa_decomp;3.9GPa;5GPa;6.2GPa;9.8GPa;10.4GPa;13.3GPa,0.100819,4,10,0,bump;matched;micro;raw;residual;shoulder
600,22.956818,10,0.7GPa;1GPa;1.3GPa;1.5GPa;2.3GPa;2.4GPa_decomp;3.9GPa;6.2GPa;7.4GPa;15.6GPa,0.163705,6,5,0,matched;micro;raw;residual;shoulder
601,22.991285,9,0.7GPa;1.3GPa;3.9GPa;6.6GPa;7.4GPa;9.8GPa;10.4GPa;12.8GPa;15.6GPa,0.0324227,4,7,0,bump;matched;micro;raw;residual;shoulder
602,23.045985,10,0.7GPa;1GPa;1.5GPa;2.4GPa_decomp;5GPa;7.4GPa;8.5GPa;9.8GPa;12.8GPa;15.6GPa,0.0432322,11,2,0,bump;matched;micro;raw;residual;shoulder
603,23.075327,9,1GPa;1.3GPa;2.4GPa_decomp;5GPa;6.2GPa;6.6GPa;9.8GPa;12.8GPa;15.6GPa,0.352465,7,4,0,bump;matched;micro;raw;shoulder
604,23.103817,8,0.7GPa;2.3GPa;2.4GPa_decomp;6.2GPa;8.5GPa;9.8GPa;10.4GPa;12.8GPa,0.109111,8,1,0,matched;micro;raw;shoulder
605,23.131958,10,1.3GPa;1.5GPa;2.3GPa;2.4GPa_decomp;3.9GPa;6.6GPa;7.4GPa;8.5GPa;13.3GPa;15.6GPa,0.00789438,7,6,0,bump;matched;micro;raw;residual;shoulder
606,23.166929,5,1.5GPa;2.3GPa;2.4GPa_decomp;7.4GPa;15.6GPa,0.0310555,2,3,0,bump;matched;raw;residual;shoulder
607,23.200952,10,1GPa;1.3GPa;3.9GPa;6.2GPa;7.4GPa;9.8GPa;10.4GPa;12.8GPa;13.3GPa;15.6GPa,0.301737,5,9,0,bump;matched;micro;raw;shoulder
608,23.242852,10,0.7GPa;1GPa;1.3GPa;1.5GPa;3.9GPa;5GPa;6.6GPa;7.4GPa;8.5GPa;12.8GPa,0.0566377,6,7,0,bump;matched;micro;raw;residual;shoulder
609,23.273277,7,0.7GPa;1GPa;2.3GPa;5GPa;8.5GPa;9.8GPa;10.4GPa,0.170117,10,1,0,bump;matched;micro;raw;residual;shoulder
610,23.308654,10,0.7GPa;1.3GPa;3.9GPa;5GPa;6.2GPa;6.6GPa;9.8GPa;10.4GPa;13.3GPa;15.6GPa,0.363843,11,3,0,bump;matched;micro;raw;residual;shoulder
611,23.337686,10,1GPa;2.3GPa;2.4GPa_decomp;5GPa;6.2GPa;7.4GPa;8.5GPa;9.8GPa;10.4GPa;13.3GPa,0.141068,9,3,0,bump;matched;micro;raw;residual;shoulder
612,23.375730,7,1GPa;1.5GPa;2.3GPa;6.2GPa;9.8GPa;10.4GPa;12.8GPa,0.0762285,8,0,0,bump;matched;micro;raw;shoulder
613,23.407666,9,1.5GPa;2.4GPa_decomp;3.9GPa;5GPa;6.2GPa;6.6GPa;7.4GPa;12.8GPa;15.6GPa,0.141801,7,6,0,bump;matched;micro;raw;residual;shoulder
614,23.443530,12,0.7GPa;1GPa;1.3GPa;1.5GPa;2.4GPa_decomp;3.9GPa;6.2GPa;6.6GPa;7.4GPa;8.5GPa;9.8GPa;12.8GPa,0.277746,11,4,0,bump;matched;micro;raw;residual;shoulder
615,23.467458,10,0.7GPa;1GPa;1.5GPa;6.2GPa;7.4GPa;8.5GPa;9.8GPa;12.8GPa;13.3GPa;15.6GPa,0.0994214,5,6,0,bump;matched;micro;raw;shoulder
616,23.501489,7,2.3GPa;5GPa;6.2GPa;7.4GPa;9.8GPa;10.4GPa;15.6GPa,0.0551886,6,3,0,bump;matched;micro;raw;residual;shoulder
617,23.534252,11,0.7GPa;1GPa;1.3GPa;2.3GPa;2.4GPa_decomp;3.9GPa;5GPa;6.2GPa;8.5GPa;9.8GPa;15.6GPa,0.0321114,10,5,0,bump;matched;micro;raw;residual;shoulder
618,23.568904,9,2.4GPa_decomp;5GPa;7.4GPa;8.5GPa;9.8GPa;10.4GPa;12.8GPa;13.3GPa;15.6GPa,0.335014,8,3,0,bump;matched;micro;raw;shoulder
619,23.608418,12,0.7GPa;1GPa;1.3GPa;1.5GPa;2.3GPa;2.4GPa_decomp;5GPa;6.6GPa;7.4GPa;10.4GPa;13.3GPa;15.6GPa,0.665881,13,8,0,bump;matched;micro;raw;residual;shoulder
620,23.651548,5,1GPa;2.4GPa_decomp;6.2GPa;9.8GPa;12.8GPa,0.101009,6,2,0,bump;matched;micro;raw;residual;shoulder
621,23.671823,13,0.7GPa;1GPa;1.3GPa;1.5GPa;3.9GPa;6.2GPa;6.6GPa;7.4GPa;8.5GPa;9.8GPa;10.4GPa;13.3GPa;15.6GPa,0.00986671,9,5,0,bump;matched;micro;raw;residual;shoulder
622,23.706159,5,1.5GPa;2.3GPa;6.6GPa;7.4GPa;12.8GPa,0.00480025,4,2,0,matched;micro;raw;shoulder
623,23.735142,9,1.3GPa;1.5GPa;2.3GPa;2.4GPa_decomp;9.8GPa;10.4GPa;12.8GPa;13.3GPa;15.6GPa,0.878202,7,3,0,matched;micro;raw;shoulder
624,23.764485,10,0.7GPa;2.3GPa;3.9GPa;6.2GPa;6.6GPa;7.4GPa;8.5GPa;9.8GPa;10.4GPa;13.3GPa,0.556657,11,2,0,matched;micro;raw;shoulder
625,23.798081,4,3.9GPa;6.2GPa;6.6GPa;8.5GPa,0.00249485,1,3,0,matched;raw;shoulder
